"Names","Level","X10101Vul1","X10102Vag1","X10102Vul1","X10103Vag1","X10103Vul1","X10104Vag1","X10104Vul1","X10105Vag1","X10105Vul1","X10106Vag1","X10106Vul1","X10107Vul1","X10108Vag1","X10108Vul1","X10109Vag1","X10109Vul1","X10110Vag1","X10110Vul1","X10111Vag1","X10111Vul1","X10112Vag1","X10112Vul1","X10113Vag1","X10113Vul1","X10114Vag1","X10114Vul1","X10201Vag1","X10201Vul1","X10202Vag2","X10202Vul1","X10203Vag1","X10203Vul1","X10204Vag1","X10204Vul1","X10206Vag1","X10206Vul1","X10207Vag1","X10207Vul1","X10208Vag1","X10208Vul1","X10209Vag1","X10209Vul1","X10210Vag1","X10210Vul1","X10211Vag1","X10212Vag1","X10212Vul1","X10301Vag1","X10301Vul1","X10302Vag1","X10302Vul1","X10303Vag1","X10303Vul1","X10304Vag1","X10304Vul1","X10305Vag1","X10305Vul1","X10306Vag1","X10307Vag1","X10307Vul1","X10308Vag1","X10308Vul1","X10309Vag1","X10309Vul1","X10310Vag1","X10310Vul1","X10311Vag1","X10311Vul1","X10312Vag1","X10401Vul1","X10402Vag1","X10402Vul1","X10403Vul1","X10404Vag3","X10404Vul1","X10405Vag1","X10405Vul1","X10406Vag1","X10406Vul1","X10408Vag1","X10409Vag1","X10409Vul1","X10410Vag1","X10410Vul1","X10412Vag1","X10412Vul1","X10501Vag1","X10501Vul1","X10503Vag1","X10503Vul1","X10504Vag1","X10504Vul1","X10505Vag1","X10505Vul1","X10506Vag1","X10506Vul1","X10601Vag1","X10601Vul2","X10602Vag1","X10602Vul1","X10603Vag1","X10603Vul1","X10604Vag1","X10604Vul1","X10605Vag1","X10605Vul1","X10606Vag1","X10606Vul1","X10607Vag1","X10607Vul2","X10608Vag1","X10608Vul1","X10609Vag2","X10609Vul2","X10610Vag1","X10610Vul1","X10611Vag1","X10611Vul1","X10701Vag1","X10701Vul1","X10702Vag1","X10702Vul1","X10703Vag1","X10703Vul1","X10704Vag1","X10704Vul1","X10705Vag1","X10705Vul1","X10706Vag1","X10706Vul1","X10707Vag1","X10707Vul1","X10708Vag1","X10708Vul1","X10709Vag1","X10709Vul1","X10710Vag1","X10710Vul1","X10711Vag1","X10711Vul1","X10801Vag1","X10801Vul1","X10803Vag1","X10803Vul1","X10804Vag1","X10804Vul1","X10805Vag1","X10805Vul1","X10806Vag1","X10806Vul1","X10807Vag1","X10807Vul1","X10808Vag1","X10808Vul1","X10809Vag1","X10809Vul1","X10810Vag1","X10810Vul1","X10811Vag1","X10811Vul1","X10901Vag1","X10901Vul1","X10902Vag1","X10902Vul1","X10903Vag1","X10903Vul1","X10904Vag1","X10904Vul1","X10905Vag1","X10905Vul1","X10906Vag1","X10906Vul1","X10907Vag1","X10907Vul1","X10908Vag1","X10908Vul1","X10909Vag1","X10909Vul1","X10910Vag1","X10910Vul1","X10911Vag1","X10911Vul1","X11001Vag1","X11001Vul1","X11002Vul2","X11101Vag1","X11101Vul1","X11102Vag1","X11102Vul1","X11103Vag1","X11103Vul1","X11104Vag1","X11104Vul1","X11105Vag1","X11105Vul1","X11106Vag1","X11106Vul1","X11107Vag1","X11107Vul1","X11108Vag1","X11108Vul1","X11109Vag1","X11109Vul1","X11110Vag1","X11201Vag1","X11201Vul1","X11202Vag1","X11202Vul1","X11203Vag1","X11203Vul1","X11204Vag1","X11204Vul1","X11205Vag1","X11205Vul1","X11206Vag1","X11206Vul1","X11207Vag1","X11207Vul1","X11208Vag1","X11208Vul1","X11209Vag1","X11209Vul1","X11301Vag1","X11301Vul1","X11302Vag1","X11302Vul1","X11303Vag1","X11303Vul1","X11304Vag1","X11304Vul1","X11305Vag1","X11305Vul1","X11306Vag1","X11401Vag1","X11401Vul1","X11402Vul1","X11403Vag1","X11404Vul1","X11405Vul1","X11406Vag1","X11406Vul1","X11407Vag1","X11407Vul1","X11408Vag1","X11408Vul1","X11409Vag1","X11409Vul1","X11501Vul1","X11502Vag1","X11502Vul1","X11503Vul1","X11504Vag1","X11504Vul1","X11505Vag1","X11505Vul1","X11506Vul1","X11601Vag1","X11601Vul1","X11602Vag1","X11602Vul1","X11603Vag1","X11603Vul1","X11801Vag1","X11801Vul1","X12001Vag1","X12001Vul1","X12002Vag1","X12002Vul1","X12003Vag1","X12003Vul1","X12004Vul1","X12005Vag1","X12006Vag1","X12101Vag1","X12101Vul1","X12102Vag1","X12102Vul1","X12103Vag1","X12103Vul1","X12104Vag1","X12104Vul1","X12106Vag1","X12106Vul1","X12107Vag1","X12107Vul1","X12108Vag1","X12108Vul1","X12301Vag1","X12301Vul1","X12302Vag1","X12302Vul1","X12303Vag1","X12303Vul1","X12304Vag1","X12304Vul1","X12305Vag1","X12305Vul1","X12306Vag1","X12306Vul1","X12307Vag1","X12307Vul2","X12308Vag1","X12308Vul1","X12401Vag1","X12401Vul1","X12402Vag1","X12402Vul1","X12403Vag1","X12403Vul1","X12404Vag1","X12404Vul1","X12405Vag1","X12405Vul1","X12406Vag1","X12406Vul1","X12407Vag1","X12407Vul1","X12501Vag1","X12501Vul1","X12502Vul1","X12503Vul1","X12504Vul1","X12505Vag1","X12505Vul1","X12506Vag1","X12506Vul1","X12601Vag1","X12601Vul1","X12602Vul1","X12603Vag1","X12603Vul1","X12604Vul1","X12605Vul1","X12606Vag1","X12606Vul1","X12608Vag1","X12608Vul1","X12701Vag1","X12701Vul1","X12702Vag1","X12702Vul1","X12703Vag1","X12703Vul1","X12704Vag1","X12704Vul1","X12705Vag1","X12705Vul1","X12706Vag1","X12706Vul1","X12707Vag1","X12707Vul1","X12801Vag1","X12801Vul1","X12802Vag1","X12802Vul1","X12803Vag1","X12803Vul1","X12804Vag1","X12804Vul1","X12805Vag1","X12805Vul1","X12806Vag1","X12806Vul1","X12807Vag1","X12807Vul2","X12901Vag1","X12901Vul1","X13201Vul1","X13202Vag1","X13202Vul1","X13203Vag1","X13203Vul1","X13204Vag1","X13205Vul1","X13206Vag1","X13206Vul1","X13301Vag1","X13301Vul1","X13302Vul1","X13303Vag1","X13303Vul1","X13304Vag1","X13304Vul1","X13305Vag1","X13305Vul1","X13306Vag1","X13306Vul1","X13401Vag1","X13401Vul1","X13402Vul1","X13403Vag1","X13404Vul1","X13405Vag1","X13405Vul1","X13501Vul1","X13502Vag1","X13502Vul1","X13503Vag1","X13504Vag1","X13504Vul1","X13505Vag1","X13505Vul1","X13601Vul1","X13602Vag1","X13602Vul1","X13603Vag1","X13603Vul1","X13604Vag1","X13604Vul1","X20101Vag1","X20105Vag1","X20109Vag1","X20114Vag1","X20201Vag1","X20206Vag1","X20210Vag1","X20301Vag1","X20305Vag1","X20309Vag1","X20501Vag1","X20701Vag1","X20707Vag1","X20709Vag1","X20801Vag1","X20805Vag1","X20809Vag1","X20901Vag1","X20905Vag1","X20911Vag1","X21001Vag1","X21101Vag1","X21105Vag1","X21207Vag1","X21301Vag1","X21305Vag1","X21401Vag1","X21406Vag1","X21503Vag1","X21506Vag1","X21601Vag1","X22001Vag1","X22006Vag1","X22301Vag1","X22305Vag1","X22401Vag1","X22406Vag1","X22601Vag1","X22606Vag1","X22701Vag1","X22705Vag1","X22801Vag1","X22901Vag1","X23201Vag1","X23301Vag1","X23305Vag1","X23502Vag1"
"Acidovorax","genus",0,0,0,1,0,0,0,0,0,0,0,0,0,0,0,0,0,0,0,0,0,0,0,0,0,0,0,0,0,0,0,1,5,0,0,0,0,3,0,0,0,0,0,0,0,0,4,1,50,0,0,2,0,27,0,0,0,0,0,0,2,0,0,0,0,0,5,0,0,0,3,24,0,0,0,0,4,1,0,0,0,5,0,0,1,0,0,3,0,0,0,0,0,2,0,0,1,0,0,0,0,0,0,0,0,1,0,0,1,1,0,0,0,0,0,0,0,0,0,0,0,0,0,0,0,0,0,1,0,0,0,0,0,0,0,0,0,0,0,0,1,42,0,0,0,0,0,0,0,0,0,0,0,0,0,0,0,0,0,0,0,0,0,3,0,0,0,0,0,2,0,0,0,2,0,1,0,0,0,0,0,11,0,0,0,2,0,0,0,0,0,0,0,0,0,0,1,0,1,0,0,0,1,0,0,0,0,0,0,91,0,0,1,5,0,8,0,4,17,0,0,3,0,0,0,0,2,0,0,0,0,0,0,0,0,0,1,0,0,0,0,0,1,0,0,0,0,0,0,0,0,0,2,0,0,0,1,5,0,0,0,0,0,0,0,0,0,0,0,0,0,0,0,0,2,3,0,0,0,0,1,0,0,0,0,0,0,0,0,0,0,0,0,0,0,0,0,0,1,1,2,0,1,2,26,0,0,0,0,0,0,0,3,0,0,0,0,0,0,2,0,1,0,1,0,0,0,3,0,0,0,20,2,0,1,0,0,0,0,0,0,0,0,0,0,0,0,0,0,0,0,0,0,0,0,0,0,0,0,0,0,0,0,0,29,0,0,0,2,0,0,1,1,1,1,1,0,0,0,0,0,0,0,0,0,0,0,0,0,0,47,10,0,4,0,0,2,0,0,0,0,0,2,0,0,0,0,0,2,0,0,0,1,0,0,0,0,0,0,0,0,0,0,0,0,0,0,0,0,0,0,0,0,0,0,0,0,0,0,0,0,0,0,0,0,0,0,0,0,0,0,0,0,0,0,0
"Acinetobacter","genus",0,0,0,0,0,0,0,0,0,0,0,2,0,0,0,0,0,0,0,0,0,0,0,0,0,0,0,0,0,0,0,0,0,0,0,0,0,0,0,0,0,0,0,0,0,0,0,1,22,0,0,0,0,2,0,0,0,0,0,0,0,0,0,0,0,0,0,0,5,2,7,16,0,0,1,0,0,0,0,0,0,0,0,0,0,0,0,7,0,0,0,0,0,0,0,0,1,0,0,0,0,0,0,0,0,0,0,0,0,0,0,0,0,0,0,0,0,0,0,0,0,0,0,0,0,0,0,0,0,0,0,0,0,0,0,0,0,0,0,0,1,49,0,0,0,0,0,0,0,0,0,0,0,0,0,0,0,0,0,0,0,0,0,0,0,0,0,0,0,0,0,0,0,0,0,0,0,0,0,0,0,2,0,0,0,0,0,0,0,0,0,0,0,0,0,0,0,0,0,0,0,0,0,0,0,0,0,0,0,5,0,1,0,4,0,1,0,0,0,0,0,0,0,0,0,0,0,0,0,0,0,0,0,0,0,0,0,0,0,0,1,0,0,0,0,0,0,0,0,0,0,0,0,0,0,0,0,0,0,0,0,0,0,0,0,0,1,0,0,0,0,0,0,1,1,0,0,0,0,0,0,0,0,0,0,0,0,0,0,0,0,0,0,0,0,0,0,0,0,0,0,0,0,0,14,0,0,0,0,0,0,0,0,0,0,0,0,0,0,0,0,0,0,0,0,0,0,0,0,0,0,0,0,0,0,0,0,0,2,0,0,0,0,0,0,0,0,0,1,0,0,0,0,0,0,0,0,0,4,0,0,0,0,0,1,0,0,0,0,0,0,0,0,0,0,0,0,0,0,0,0,0,0,0,0,0,0,0,0,0,1,0,0,0,0,0,0,0,0,0,0,0,0,0,0,0,0,0,0,0,0,0,0,0,0,0,0,0,0,0,0,0,0,0,0,0,0,0,0,0,0,0,0,0,0,1,0,0,0,0,0,0,0,0,0,0,0,0,0,0,0,0,0,0,0,0
"Actinobaculum","genus",1,0,0,0,0,0,0,0,1,0,0,0,0,0,0,0,0,0,0,0,0,0,0,0,0,2,0,0,0,0,0,0,0,0,0,0,0,0,0,0,0,0,0,0,0,0,0,0,0,0,0,0,0,0,0,0,0,0,0,0,0,0,0,0,0,0,0,0,0,0,0,0,0,0,0,0,0,0,0,0,0,0,0,0,0,0,0,0,0,0,64,28,0,0,0,0,0,0,0,0,0,0,0,0,0,0,0,0,0,0,0,0,0,0,0,0,0,0,0,1,0,0,0,0,0,0,0,0,0,0,0,0,0,0,0,0,0,0,0,0,0,0,0,0,0,0,0,0,0,0,0,0,0,0,0,0,0,0,0,0,0,0,0,0,0,0,0,0,0,0,0,0,0,0,0,0,0,0,0,0,0,0,0,8,7,0,0,0,0,0,0,0,0,0,0,0,0,0,0,0,0,0,0,0,0,0,0,0,0,0,0,0,0,0,0,0,0,0,0,0,0,0,0,0,0,0,0,0,0,0,0,0,0,0,0,0,0,0,0,0,0,0,0,0,0,0,0,0,0,0,0,0,0,0,0,0,0,0,0,0,0,0,0,0,6,3,3,0,0,0,0,0,0,0,0,0,0,0,0,0,0,0,0,0,0,0,0,0,0,0,0,0,2,0,2,0,1,0,0,0,0,0,0,0,0,0,0,0,0,0,0,0,0,0,0,0,0,0,0,0,0,0,0,0,0,0,0,0,0,0,0,0,0,0,0,0,0,0,0,0,0,0,0,0,0,0,1,0,0,0,0,0,0,0,0,0,0,0,0,0,0,0,0,0,0,0,0,0,0,0,0,0,0,0,0,0,0,0,0,0,0,0,0,0,0,0,0,3,0,0,84,52,0,0,2,1,8,0,3,1,0,1,15,0,12,5,0,0,1,0,0,0,0,0,0,0,0,0,0,0,0,0,0,0,0,0,0,0,0,0,0,0,0,0,0,0,0,0,0,0,0,0,0,0,0,0,0,0,1,0,0,0,0,0,0,0
"Actinomyces","genus",1,0,0,0,1,0,0,0,0,0,0,0,0,0,0,0,0,0,0,0,1,0,0,0,0,0,0,0,0,0,0,0,0,0,0,0,0,0,0,0,0,0,0,0,0,0,0,18,15,68,101,0,0,1,0,0,0,0,0,0,0,0,0,4,0,0,0,1,0,0,0,0,0,0,0,0,0,0,0,0,0,0,0,0,0,0,0,0,0,0,0,0,0,0,0,0,0,0,0,0,0,0,0,0,0,0,0,0,0,0,0,0,0,0,0,0,0,0,0,0,0,0,0,1,0,1,0,0,0,0,0,0,0,0,0,2,0,0,0,0,0,0,0,0,0,0,0,0,0,0,0,0,0,0,0,0,0,0,0,0,0,0,0,0,0,0,0,0,0,0,0,0,0,0,0,0,0,2,0,0,0,1,0,1,0,0,0,0,0,0,0,0,0,0,0,0,0,0,0,0,0,0,0,0,0,0,0,0,0,0,0,0,0,0,0,0,0,3,1,0,0,4,0,0,0,0,0,0,0,0,0,0,0,0,0,3,0,0,0,0,3,0,1,0,0,0,0,0,0,0,0,0,0,0,0,0,3,4,0,0,0,1,1,0,0,0,3,2,0,1,0,0,0,1,4,0,0,0,0,0,2,0,0,0,0,0,0,0,1,0,0,0,0,0,0,0,0,0,3,0,1,0,0,10,10,0,1,0,0,0,0,0,2,0,0,0,0,0,6,1,0,3,0,0,0,0,0,0,0,0,0,0,1,0,1,0,1,0,0,0,0,0,0,0,4,1,0,0,0,0,0,0,0,0,0,0,0,0,0,0,0,0,0,0,0,0,2,123,33,19,54,166,106,5,0,2,59,58,125,0,0,0,0,0,0,0,0,79,19,38,9,44,0,62,0,2,7,0,3,4,0,0,96,0,4,0,1,0,5,0,0,2,0,0,0,0,1,0,0,0,0,0,0,0,0,0,0,0,0,0,0,0,0,0,0,1,0,0,0,0,1,0,0,0,0,0,0,0,1,0,0,0,0,0,0,0
"Actinomycetales","order",0,2,15,1,3,1,12,0,2,0,1,6,0,0,0,7,0,14,0,1,8,17,0,16,0,15,0,1,0,0,0,0,1,1,0,1,2,0,0,0,3,0,22,5,0,35,1,0,2,0,0,1,0,0,0,0,0,0,1,0,0,0,0,4,0,0,0,10,0,0,0,0,1,0,0,0,1,1,0,3,13,3,3,7,8,37,0,0,1,0,2,1,2,0,0,0,0,0,0,0,0,0,0,3,0,0,0,1,0,2,0,0,0,0,0,2,1,6,4,8,1,4,2,20,1,13,5,5,3,14,0,0,0,54,11,44,0,3,0,0,0,0,0,0,0,1,0,0,0,0,0,0,0,0,3,1,0,4,0,0,0,1,0,0,0,1,0,2,0,3,0,0,0,0,2,2,6,48,1,32,0,0,0,7,5,0,0,0,1,1,0,0,0,0,0,0,1,0,1,0,0,0,4,0,0,0,0,2,0,0,0,0,0,4,0,1,0,0,86,6,0,3,0,0,0,0,0,0,0,0,0,0,0,0,1,0,0,0,0,0,0,0,0,1,1,0,0,5,0,6,0,0,0,0,4,0,2,5,5,0,0,8,0,0,0,0,0,0,0,0,1,0,1,2,0,0,0,0,2,0,26,0,0,0,0,0,0,4,5,0,1,4,9,0,8,1,9,1,26,5,9,0,1,2,8,0,0,0,3,0,1,0,0,0,0,0,0,0,18,19,14,8,1,4,1,7,0,1,0,0,7,0,1,16,20,3,4,0,0,5,0,1,0,0,9,0,25,0,18,1,0,0,0,0,0,0,0,0,3,0,1,1,3,2,1,2,0,3,1,2,3,35,8,14,1,10,0,6,103,1,2,0,24,2,13,3,36,4,4,60,12,2,0,6,0,1,9,3,0,2,0,4,8,0,1,1,0,0,2,0,4,0,4,1,0,0,1,22,0,1,0,0,0,0,0,4,0,0,0,0,0,0,0,0,2,0,0,1,0,0,2,0,0,0,1,0,3,0,1,0,0,0,11,0,26,0
"Aerococcus","genus",0,0,0,0,0,0,0,0,0,0,0,0,0,0,0,0,0,0,0,0,0,0,0,0,0,0,0,0,0,0,0,0,0,0,0,0,0,0,0,0,0,17,0,12,0,0,0,0,2,0,0,0,0,0,0,0,0,0,0,0,0,0,0,0,0,0,0,0,0,0,0,0,0,0,0,0,0,0,3,0,0,0,0,0,0,0,26,3,0,0,2,0,0,0,0,0,0,0,0,0,0,0,0,0,0,0,0,0,0,0,0,0,0,0,0,0,0,0,0,0,0,0,0,0,1,0,0,0,0,0,0,4,0,0,0,0,0,0,0,0,7,3,0,0,0,0,0,0,0,0,0,0,0,0,0,0,0,0,0,0,0,0,0,0,1,0,0,0,0,0,0,0,0,0,0,0,0,3,0,0,0,0,0,0,0,0,0,0,0,0,0,0,0,0,0,0,0,0,0,0,0,0,0,0,0,0,0,0,0,0,0,0,0,0,0,0,0,0,0,0,0,0,0,0,0,0,0,0,0,0,0,0,0,0,0,0,0,0,0,0,0,0,0,0,0,0,0,0,0,0,1,0,0,0,0,0,0,0,0,0,0,0,0,0,0,0,0,0,0,0,0,0,2,16,6,0,0,0,0,0,0,0,0,0,0,0,0,0,0,0,0,0,0,0,0,0,0,0,0,0,0,0,0,8,5,74,348,0,0,0,0,0,0,0,0,0,0,1,0,0,0,0,0,0,0,0,0,0,0,0,0,0,0,0,0,0,0,0,0,0,0,0,0,0,0,0,0,0,0,0,0,0,0,0,0,0,1,0,2,0,0,0,0,0,0,0,0,0,0,0,0,0,0,1,0,0,0,0,0,0,0,0,0,0,0,0,0,0,0,0,0,0,0,0,3,35,2,15,0,0,5,8,0,0,0,0,0,0,0,0,1,1,0,1,0,1,0,0,0,0,0,0,0,1,0,0,0,2,0,0,2,0,0,0,1,0,0,0,0,0,5,1,0,0,115,0,0,0,2,2,0,0,0,0,0,0
"Alloscardovia","genus",0,0,0,0,0,0,0,0,0,0,0,0,0,0,0,0,0,0,0,0,0,0,0,0,0,0,0,0,0,0,0,0,0,0,1,4,2,6,0,0,17,0,179,1,0,0,0,0,0,0,0,0,0,0,0,0,0,0,0,0,0,0,0,0,0,0,0,0,0,0,0,0,0,0,0,103,172,62,226,370,0,39,0,2,0,0,0,0,0,0,0,0,0,0,0,0,0,0,0,0,0,0,0,0,0,0,0,0,0,0,0,0,0,0,0,0,0,0,0,0,0,0,0,0,0,0,0,0,0,0,0,0,0,0,0,0,0,0,0,0,0,0,0,0,0,0,0,0,0,0,0,0,0,0,0,0,0,0,0,0,0,0,0,0,0,0,0,0,0,0,0,0,0,0,0,0,0,0,0,0,0,0,0,0,0,0,0,0,0,0,0,0,0,0,0,0,0,0,0,0,0,0,0,0,0,0,0,0,0,0,0,0,0,0,0,0,0,0,0,0,0,0,0,0,0,0,0,0,0,0,0,0,0,0,0,0,0,0,0,0,0,0,0,0,0,0,0,0,0,0,0,0,0,0,0,0,0,0,0,0,0,0,0,0,0,0,0,0,0,0,0,0,0,0,0,0,0,0,0,0,0,0,0,0,0,0,0,0,0,0,0,0,0,0,0,0,0,0,0,0,0,0,0,0,0,0,0,0,0,0,0,0,0,0,0,0,0,0,0,0,0,0,0,0,0,0,0,0,0,0,0,0,0,0,0,0,0,0,0,0,0,0,0,0,0,0,0,0,0,0,0,0,0,0,0,0,0,0,0,0,0,0,0,0,0,0,0,0,0,0,0,0,0,0,0,0,0,0,0,0,0,0,0,0,0,0,0,0,0,0,0,4765,1861,1004,0,0,0,0,0,0,0,0,0,0,0,0,0,0,0,0,0,0,0,0,0,0,0,0,0,0,0,0,0,0,0,0,0,0,0,0,0,0,0,0,0,0,0,0,0,0,0,0,0,0,0,0,0,0,0,0,0,0,0,0,0,0
"Anaerococcus","genus",139,71,85,51,120,46,257,7,53,1,1416,692,0,55,0,0,4,15,0,5,47,96,39,51,13,15,0,1,0,0,3,10,8,23,1,22,0,8,0,0,38,4,154,38,126,163,5,249,645,388,516,81,407,3,16,0,1,0,0,1,0,24,0,150,0,117,3,25,0,0,1,43,15,8,53,19,5,4,2,1,258,88,3,17,3,97,77,309,287,131,351,493,7,6,2,22,0,16,0,10,1,43,0,186,0,18,0,17,4,1,1,3,0,0,0,8,0,66,16,31,0,13,1,16,2,70,4,5,5,50,1,89,1,23,23,236,1,48,4,9,0,17,0,0,1,0,0,0,0,3,0,0,0,0,1,1,0,5,0,0,2,6,0,0,2,13,0,9,0,15,0,0,1,11,0,15,2,52,1,74,5,16,0,3,5,193,304,215,151,3,30,3,41,0,4,0,1,0,16,0,1,0,23,1,0,0,0,54,2,45,0,19,0,50,0,8,0,0,794,0,0,1,0,0,3,8,4,1,0,0,0,0,0,0,1,4,1,0,0,0,17,0,3,0,1,0,0,164,4,153,25,11,158,0,38,33,198,294,48,183,22,75,101,81,103,127,188,257,19,280,104,1,3,171,253,47,201,2,14,0,296,0,0,0,12,7,63,625,724,14,57,202,75,53,85,44,95,3,477,21,125,0,8,5,24,0,0,0,0,0,0,0,7,0,0,0,0,4,216,239,15,183,11,26,0,7,35,85,7,0,64,27,16,1,46,0,152,7,14,2,10,11,8,0,181,1,29,0,42,4,12,4,0,2,1,1,14,0,20,0,3,0,4,0,2,72,212,374,258,375,208,940,808,337,27,79,960,968,602,0,18,0,19,0,13,0,2,967,484,1203,2298,2815,24,634,49,67,172,19,106,227,203,207,595,2,113,19,392,0,210,0,8,0,26,10,33,6,2,40,1,1,11,17,1,1,0,8,2,7,2,0,0,0,0,0,0,2,0,2,0,0,8,0,2,4,0,2,4,3,2,0,0,0,6,4,20,0
"Anaerosphaera","genus",120,29,18,11,48,6,23,0,11,0,74,25,0,4,0,1,0,0,0,0,12,11,25,13,0,7,0,0,0,0,0,1,4,13,0,7,0,2,0,0,5,0,23,2,36,0,0,10,80,12,21,5,41,0,2,0,0,0,0,0,0,14,0,74,0,78,0,12,0,0,0,1,0,0,6,0,1,0,0,0,75,44,0,2,0,5,21,86,12,5,18,9,1,0,0,2,0,1,0,7,0,20,1,72,0,4,0,1,3,5,0,7,0,0,0,4,0,16,2,6,0,0,0,1,2,13,0,0,0,6,0,12,2,7,4,31,0,20,0,1,0,0,0,0,0,0,0,0,0,0,0,0,0,0,0,0,0,1,0,0,1,0,0,0,0,0,0,1,0,1,0,0,0,0,0,0,0,5,0,7,0,0,0,1,1,20,41,12,22,0,2,0,2,0,0,0,0,0,2,1,2,0,4,0,0,4,0,23,0,1,0,1,0,0,0,0,0,0,24,0,0,0,0,0,4,4,11,0,0,0,0,0,0,0,0,2,0,1,0,0,0,0,0,0,0,0,2,16,0,16,1,0,13,0,13,10,81,112,13,62,4,36,101,128,17,64,36,37,5,10,31,5,2,20,38,2,20,1,4,0,267,0,0,0,0,0,0,3,6,1,0,0,0,5,12,3,26,0,69,0,8,0,1,3,1,0,2,0,0,0,0,0,0,0,0,0,0,0,30,118,4,35,7,1,1,2,10,27,2,1,5,4,4,0,6,0,48,3,4,1,0,3,0,0,27,3,200,0,131,1,5,1,0,0,8,0,4,0,3,0,0,0,3,0,2,39,67,75,116,114,28,138,188,104,4,68,47,38,111,0,2,0,1,0,11,0,1,49,23,126,101,29,3,48,27,11,39,19,22,50,13,27,97,0,16,4,46,0,46,0,1,0,3,1,13,1,4,5,0,0,3,19,0,0,0,1,0,8,0,0,0,0,0,0,0,0,0,0,1,0,17,0,0,0,0,0,2,0,0,0,0,0,0,0,0,0
"Anaerovorax","genus",3,0,0,0,0,0,0,0,0,0,1,2,0,0,0,0,0,0,0,0,2,0,7,30,0,4,0,0,0,0,0,0,0,1,0,0,0,0,0,0,0,0,0,0,3,0,0,1,3,0,0,0,2,0,1,0,0,0,0,0,0,0,0,3,0,0,0,0,0,0,0,0,0,0,0,0,0,0,0,0,4,0,0,0,0,0,6,6,0,0,0,0,0,0,1,0,0,4,0,0,0,2,0,3,0,0,0,0,0,0,0,0,0,0,0,0,0,1,1,5,0,3,0,1,0,8,0,0,0,3,1,4,0,7,0,9,0,0,0,0,0,0,0,0,0,0,0,0,0,0,0,0,0,0,0,0,0,0,0,0,0,0,0,0,0,0,0,0,0,0,0,0,0,0,0,1,0,2,0,1,0,0,0,0,0,0,0,0,0,0,0,0,0,0,0,0,0,0,0,0,0,0,0,0,0,0,0,1,0,15,0,0,0,0,0,0,0,0,1,0,0,0,0,1,0,4,2,0,0,0,0,0,0,0,0,0,0,0,0,0,0,0,0,0,0,0,0,0,0,0,1,0,1,0,0,0,3,1,5,0,0,4,1,1,0,0,0,0,0,0,0,0,0,0,3,0,0,0,0,0,77,0,0,0,0,0,0,1,0,0,0,0,1,0,2,0,1,0,2,0,0,0,0,0,0,0,0,0,0,0,0,0,0,0,0,0,0,0,3,0,0,1,0,0,0,0,0,6,6,0,1,1,0,0,0,0,3,0,1,0,0,0,0,0,1,0,9,0,2,0,0,0,0,0,0,0,0,0,0,0,2,0,0,0,0,1,8,13,49,44,2,20,23,30,0,14,1,3,16,0,0,0,0,0,0,0,0,6,0,6,6,0,0,3,0,0,0,1,0,0,0,0,21,0,0,1,3,0,1,0,0,0,0,0,0,0,0,0,0,0,0,0,0,0,0,0,0,0,0,0,0,0,0,0,0,0,0,0,0,0,0,0,0,0,0,0,0,0,0,0,0,0,0,0,0,0
"Arcanobacterium","genus",4,0,0,0,1,0,0,0,0,0,0,0,0,0,0,0,0,0,0,0,0,0,0,0,0,0,0,0,0,0,0,0,0,0,0,0,0,0,0,0,0,0,0,0,0,0,0,0,0,1,0,0,0,0,0,0,0,0,0,0,0,0,0,5,0,0,0,1,0,0,0,0,0,0,0,0,0,0,0,0,0,0,0,0,0,0,1,3,0,0,0,2,0,0,0,0,0,0,0,0,0,0,0,0,0,0,0,0,0,0,0,0,0,0,0,0,0,0,0,0,0,0,0,0,0,0,0,0,0,0,0,2,0,1,0,0,0,0,0,0,0,0,0,0,0,0,0,0,0,0,0,0,0,0,0,0,0,0,0,0,0,0,0,0,0,0,0,0,0,0,0,0,0,0,0,0,0,0,0,0,0,0,0,0,0,0,0,0,0,0,0,0,0,0,0,0,0,0,0,0,0,0,0,0,0,0,0,0,0,0,0,0,0,0,0,0,0,0,0,0,0,0,0,0,0,0,0,0,0,0,0,0,0,0,0,0,0,0,0,0,0,0,0,0,0,0,0,0,0,0,0,0,0,0,0,0,63,128,0,1,0,2,22,20,0,0,0,0,0,0,0,0,0,0,0,0,0,0,0,0,0,0,0,0,0,0,0,0,0,0,0,0,0,0,0,0,0,0,0,0,0,0,0,2,0,0,0,0,0,0,0,0,0,0,0,0,0,0,0,0,0,0,0,0,0,0,0,0,0,0,0,0,0,0,0,0,0,0,0,0,0,0,0,0,0,0,1,0,0,0,0,0,0,0,0,0,0,0,0,0,0,0,0,0,0,0,1,0,0,0,0,1,0,0,0,0,1,0,0,0,0,0,0,0,0,0,0,0,0,0,1,0,0,0,3,1,5,5,0,2,1,0,1,0,0,0,0,0,0,0,0,0,0,0,0,0,0,0,0,0,0,0,0,0,0,0,0,0,0,0,0,0,0,0,0,0,0,0,0,0,0,0,0,0,0,0,0,0,0,0,0,0,0,0,0,0
"Atopobium","genus",2,1,0,0,0,5,0,0,14,0,0,0,0,0,0,100,0,34,0,24,5,29,0,20,0,6,771,366,0,0,0,0,183,103,192,2,0,0,0,0,1,0,26,2,5,4,0,0,1,4,5,0,0,0,0,0,0,0,0,0,0,11,0,23,0,15,0,2,0,0,0,0,0,0,0,4,4,0,0,0,3,12,0,4,0,4,0,0,0,0,0,0,0,0,0,0,0,0,0,1,0,0,0,3,0,2,0,0,0,0,0,0,0,0,0,1,0,1,0,0,0,0,0,1,0,2,1,1,0,0,0,0,0,1,0,2,0,0,0,0,0,2,0,0,0,0,0,0,0,0,0,0,0,0,1,0,0,0,0,0,1,0,0,0,0,0,0,3,0,0,0,0,0,1,0,2,0,0,0,0,0,0,0,0,6,0,0,0,0,0,0,0,0,0,0,0,0,0,0,0,0,0,0,0,0,2,0,12,0,3,3,205,208,18,999,899,2412,1733,3,0,0,0,0,0,0,0,1,0,0,0,0,0,0,0,0,35,1,0,0,0,0,0,0,0,1,1,0,1,0,0,0,0,1,330,198,131,0,0,2,3,0,1,8,3,17,13,9,21,4,23,4,189,126,260,92,338,110,0,2,0,194,0,0,0,6,85,130,1,1,0,1,0,0,0,1,1,13,0,8,2,2,0,0,0,5,0,0,0,0,0,0,0,0,0,0,31,19,1,46,2,5,32,0,11,0,1,0,0,0,0,0,1,0,0,0,0,0,0,5,4,3,1,2,0,9,0,14,0,35,3,0,0,0,0,3,0,0,0,3,0,0,0,0,1,0,0,1,0,0,0,0,2,0,1,1,12,2,2,2,0,1,0,0,0,6,0,0,0,0,0,1,0,0,0,2,1,2,1,0,3,15,23,1,0,0,3,1,0,7,1,0,2,0,114,12,630,0,3,0,14,78,0,0,0,0,0,0,10,311,0,2,0,0,0,0,15,0,0,2,0,16,29,0,0,0,0,0,0,1927,321,248,0,0,0,0,0
"Bacteroides","genus",20,0,0,0,0,0,0,0,0,0,0,1,0,0,0,0,0,0,0,0,0,0,8,1,0,0,1,0,0,0,0,0,0,0,0,0,0,0,0,0,0,0,0,0,2,0,1,252,123,0,0,0,2,3,33,0,0,0,0,0,0,0,0,0,0,0,0,0,0,0,0,0,0,0,0,0,0,0,0,0,0,0,0,0,0,0,0,0,0,0,0,0,0,0,0,0,1,5,0,1,0,6,0,0,0,2,0,5,0,1,0,0,0,0,0,1,0,0,0,0,0,0,0,0,0,4,0,0,0,0,0,0,0,0,0,0,0,0,0,0,0,0,0,0,0,0,0,0,0,0,0,0,0,0,0,0,0,0,0,0,0,1,0,0,0,0,0,0,0,0,0,0,0,0,0,0,0,0,0,0,0,0,0,0,0,0,0,0,0,0,0,0,1,0,42,0,0,0,0,0,0,0,0,0,0,0,0,0,0,0,0,0,0,0,0,0,0,0,2,4524,0,0,0,0,0,1,1,0,0,0,0,0,0,0,0,0,0,1,0,0,0,0,0,0,0,0,0,2,0,0,0,0,1,0,0,0,0,0,0,0,0,0,0,0,0,0,2,1,0,0,0,0,0,1,1,0,0,0,0,0,1,0,0,0,0,0,0,0,0,0,0,0,0,0,0,7,1,0,0,0,0,0,0,0,0,0,0,0,0,0,0,0,0,0,0,0,0,0,0,0,0,0,0,0,0,0,54,30,10,0,6,0,0,0,0,0,0,0,0,0,0,0,0,0,0,0,1,0,0,0,0,0,0,0,0,0,0,0,0,0,0,0,0,0,0,0,0,0,0,0,0,0,1,0,0,0,0,0,0,0,0,0,0,0,0,0,0,0,0,0,0,0,0,0,0,0,0,0,0,0,0,0,0,0,0,2,12,0,0,0,0,0,0,0,0,0,0,5,0,0,0,0,0,0,0,0,0,0,0,0,0,0,0,0,0,0,0,0,0,0,0,0,0,0,0,0,0,0,0,0,0,0,1,0,0,0
"Bifidobacterium","genus",67,0,0,2,2,2,0,1,4,0,0,2,0,0,2,345,1,589,4,76,8,32,69,484,5,113,0,0,0,0,0,0,0,0,0,0,0,0,0,0,0,0,1,0,0,0,0,291,121,1,0,19,22,21,253,0,1,0,0,29,9,261,528,597,37,228,364,855,1964,0,0,0,0,0,0,0,0,0,0,0,0,18,0,3,1,25,0,0,0,0,1,0,0,0,0,0,0,5,0,1,0,7,0,2,0,0,0,5,0,0,0,0,0,0,0,23,0,1,0,1,0,2,0,7,0,4,1,0,1,0,0,0,0,0,0,7,0,5,0,0,2,2,0,0,0,0,0,0,0,0,0,0,0,1,0,0,0,0,0,0,1,2,0,0,0,0,0,1,0,6,0,0,0,0,0,1,0,1,0,1,2,0,0,0,0,0,0,0,0,0,0,0,7,0,1,0,3,0,3,1,1,0,152,0,0,0,0,0,0,0,0,0,0,0,0,0,0,1,1,1,0,0,0,0,0,2,3,0,0,0,0,1,0,0,2,1,0,4,0,0,0,0,0,0,0,0,0,0,0,0,0,1,1,0,0,0,0,1,0,0,0,0,0,0,16,0,3,5,1,1,0,0,0,0,5,0,0,0,3,0,0,0,0,0,0,0,0,0,3,96,49,3,10,11,7,22,5,0,0,0,0,0,0,9,37,6292,13966,0,1,0,0,0,0,0,0,0,0,0,2,0,0,9,0,0,0,1,3,4,28,0,9,3,1,0,2,0,0,2,14,19,27,26,1,0,0,0,5,0,3,21,33,0,0,0,2,0,0,0,0,0,0,0,3,0,0,0,0,0,0,0,3,2,1,8,0,3,28,26,27,0,38,0,2,2,12,0,1,1,1,0,0,0,2,0,0,0,0,5,1,0,2,0,1,0,4,12,153,0,0,0,5,0,0,0,0,0,0,12,0,0,0,0,0,1,0,0,0,0,0,0,0,0,0,0,0,0,0,0,0,0,0,0,0,0,3050,0,0,0,0,0,0,0,2,0,8,0
"Blautia","genus",20,0,0,0,0,0,0,0,0,0,0,1,0,0,0,3,0,0,0,0,0,0,23,1,0,0,0,0,0,0,0,0,0,0,0,0,0,0,0,0,0,0,0,0,0,0,0,95,39,0,0,0,0,1,14,0,0,0,0,0,0,0,0,2,0,1,0,0,0,0,0,0,0,0,0,0,0,0,0,0,1,0,0,0,0,0,0,0,0,0,0,0,0,0,0,0,0,0,0,0,0,2,0,0,0,0,0,0,0,0,0,0,0,0,0,1,0,0,0,0,0,3,1,2,0,1,0,0,0,0,0,0,0,0,1,0,0,2,0,0,0,0,0,0,0,0,0,0,0,0,0,0,0,0,0,0,0,0,0,0,0,1,0,0,0,0,0,1,0,5,0,0,0,0,0,0,0,0,0,0,0,0,0,0,0,0,0,0,0,0,0,0,1,0,61,0,0,0,0,0,0,0,0,0,0,0,0,0,0,0,0,0,0,0,0,0,0,0,0,0,0,0,0,0,0,0,2,0,0,0,0,0,0,0,0,0,0,0,0,0,0,0,0,0,0,0,0,1,0,0,0,0,0,0,0,0,0,0,0,0,0,0,0,0,0,0,1,0,0,0,0,1,0,0,4,0,0,0,2,0,0,0,0,0,0,0,0,0,0,0,0,0,0,0,0,17,2,0,0,0,0,0,0,0,0,0,0,0,0,0,0,0,0,0,0,0,0,0,0,0,0,0,0,0,0,0,87,66,15,0,0,0,0,0,0,0,0,0,0,1,0,0,0,0,0,0,0,0,0,0,0,0,0,0,0,0,0,0,0,0,0,0,0,0,0,0,0,0,0,0,0,1,1,0,0,0,0,0,0,0,0,0,0,0,0,0,0,0,0,0,0,0,1,0,1,0,0,0,0,0,0,0,0,0,0,3,38,0,0,0,0,0,0,0,0,0,0,20,0,0,0,0,0,0,0,0,0,0,0,0,0,0,0,0,0,0,0,0,0,0,1,0,0,0,0,0,1,0,0,0,0,0,1,0,0,0
"Bradyrhizobiaceae","family",0,0,0,0,0,0,0,0,0,0,0,0,0,0,0,0,0,0,0,0,0,0,0,0,0,0,0,0,0,0,0,0,0,0,0,0,0,0,0,0,0,0,0,0,0,0,0,0,1,0,0,0,0,0,0,0,0,0,0,0,0,0,0,0,0,0,0,0,0,0,0,0,0,0,0,0,0,0,0,0,0,0,0,0,0,0,0,0,0,0,0,0,0,0,0,0,0,0,0,0,0,0,0,0,0,0,0,0,0,0,0,0,0,0,0,0,0,0,0,0,0,0,0,0,0,0,0,0,0,0,0,1,0,0,0,0,0,0,0,0,0,0,0,0,0,0,0,0,0,0,0,0,0,0,0,0,0,0,0,0,0,0,0,0,0,0,0,0,0,0,0,0,0,0,0,0,0,0,0,0,0,0,0,0,0,0,0,0,0,0,0,0,0,0,0,0,0,0,0,0,0,0,0,0,0,0,0,0,22,1034,0,3,0,155,0,0,0,0,0,0,0,0,0,0,0,0,0,0,0,0,0,0,0,0,0,0,0,0,0,0,2,0,0,0,0,0,0,0,0,0,0,0,0,0,0,0,0,0,0,0,4,0,0,0,0,0,0,0,0,0,0,0,0,0,0,0,0,0,0,0,0,0,0,0,0,0,0,0,0,0,0,0,0,0,0,0,0,0,0,0,0,0,0,0,0,0,0,0,0,0,0,0,0,0,0,0,0,0,0,0,0,0,0,0,0,0,0,0,0,0,0,0,0,0,0,0,0,0,0,0,0,0,0,0,0,0,0,0,0,0,0,0,0,0,0,0,0,0,0,0,0,0,0,0,0,0,0,0,0,0,0,0,0,0,0,0,0,0,0,0,0,0,0,0,0,0,0,0,0,0,0,0,0,0,0,0,0,0,0,0,0,0,0,0,0,0,0,0,1,0,0,0,0,0,0,0,0,0,0,0,0,0,0,0,0,0,0,0,0,0,0,0,0,0,0,0,0,0,0,0,0,0,0,0,0,0,0,0,0,0,0,0,0,0,0,0
"Campylobacter","genus",32,2,5,2,0,0,7,1,3,0,5,1,0,0,0,1,0,0,0,8,3,32,2,0,0,1,0,0,0,0,0,0,0,0,0,0,0,0,0,0,2,0,3,0,2,5,0,4,30,2,6,1,0,0,0,0,0,0,0,0,0,6,0,50,0,9,1,2,0,0,0,1,2,0,0,0,0,0,0,0,11,10,0,0,0,0,6,8,1,0,2,4,0,0,0,0,0,1,0,1,0,0,0,1,0,0,0,2,0,0,0,0,0,0,0,0,0,0,5,2,0,0,0,1,1,4,0,0,0,1,0,3,0,1,0,0,0,2,0,0,0,0,0,0,0,0,0,0,0,0,0,0,0,0,0,0,0,0,0,0,0,0,1,0,0,2,0,0,0,1,0,0,0,0,0,0,1,3,0,3,0,0,0,2,3,8,7,1,0,0,1,0,1,0,0,0,0,0,0,0,1,0,0,0,0,1,0,5,0,0,0,0,0,0,0,9,0,0,3,0,0,0,0,0,0,0,1,0,0,0,0,0,0,0,0,34,0,0,0,0,0,0,1,0,0,0,0,3,0,0,0,0,1,0,5,3,80,145,4,12,2,27,27,35,14,59,7,9,1,24,2,0,0,5,14,1,1,0,0,0,2,0,0,0,0,0,0,1,2,0,8,0,0,0,7,3,4,1,6,0,1,0,0,0,0,0,0,0,0,0,0,0,0,0,0,0,0,0,10,9,1,9,0,0,0,0,2,5,0,0,0,1,2,4,1,0,2,0,10,0,0,0,0,0,0,2,6,0,11,1,7,0,0,0,0,0,0,0,2,0,0,0,0,0,1,4,14,22,72,71,1,16,67,152,2,57,30,21,8,0,0,0,0,0,3,0,0,16,6,20,16,278,1,31,30,2,17,2,0,17,7,9,46,0,5,2,12,0,28,0,0,0,0,1,0,0,0,1,0,0,0,8,0,0,0,0,0,0,0,0,0,0,0,0,0,3,0,0,0,0,3,0,0,0,0,0,0,0,0,0,0,0,0,0,0,0
"Cloacibacterium","genus",0,0,0,0,0,0,0,0,0,1,0,0,0,0,0,0,0,0,0,0,0,0,0,0,0,0,0,0,0,0,0,0,1,0,0,0,0,0,0,0,0,0,0,0,0,0,2,5,32,0,0,1,0,11,1,0,0,0,0,0,0,0,0,0,0,0,8,4,0,0,6,9,1,0,1,0,0,2,0,1,0,4,0,0,0,0,0,2,0,0,0,0,0,0,0,0,1,1,0,0,0,0,0,0,0,0,0,0,1,0,0,0,0,0,0,0,0,0,0,2,0,0,0,1,0,0,0,0,0,0,0,0,0,0,1,0,0,0,0,0,0,18,0,0,0,0,0,0,0,0,0,2,0,0,2,0,0,0,0,0,0,0,0,0,0,0,0,0,0,0,0,0,0,4,0,4,0,0,0,2,0,24,0,0,0,0,0,0,0,1,0,0,0,0,3,0,0,0,0,0,2,0,0,0,0,0,0,1,2,39,0,0,0,2,0,16,0,0,19,0,0,6,0,0,0,0,0,0,0,0,0,0,0,0,0,0,0,0,0,0,3,0,1,0,0,0,0,0,0,0,0,0,0,0,0,0,1,0,0,0,0,0,0,0,0,0,0,0,0,0,0,0,0,1,0,0,0,0,0,0,1,0,0,0,0,0,0,0,0,0,0,0,0,0,0,0,1,1,0,0,7,0,2,0,12,0,0,0,0,0,0,0,3,0,0,0,0,0,2,14,0,0,0,0,0,0,0,0,0,0,0,19,1,0,0,0,0,0,0,0,0,0,0,0,0,0,0,0,0,0,0,0,0,0,0,0,0,0,0,0,0,0,0,1,21,0,0,0,2,0,1,0,0,0,1,0,0,0,0,0,0,0,0,0,0,0,0,0,0,0,25,5,0,0,0,0,2,0,0,0,0,0,1,0,0,0,0,0,0,0,0,0,1,0,0,0,0,0,0,0,0,0,0,0,0,0,0,0,0,0,0,0,0,0,0,0,0,0,0,0,0,0,1,0,0,0,0,0,0,0,0,0,0,0,0,0
"Clostridiales","order",197,31,36,27,79,4,41,3,12,4,296,32,0,15,0,5,1,0,2,7,26,22,51,75,4,21,0,0,0,0,0,1,1,5,0,1,0,0,0,0,2,0,16,3,13,7,0,4,80,23,16,11,60,3,20,0,1,0,0,3,0,15,1,81,0,60,0,11,1,0,0,1,0,1,1,2,0,1,0,0,113,16,0,0,0,4,20,67,6,3,7,9,11,2,0,0,1,25,0,5,0,43,1,66,0,1,0,16,6,3,0,4,5,5,0,0,0,6,11,13,0,6,0,11,0,50,0,0,5,15,0,11,0,7,2,24,0,53,0,0,0,1,0,0,0,0,0,0,0,0,0,0,0,1,0,0,0,15,0,0,1,1,0,0,0,0,0,1,0,0,0,0,0,1,0,1,1,10,0,8,1,1,0,1,6,8,4,6,3,0,0,0,2,0,1,0,0,0,3,0,3,0,7,0,0,0,0,16,0,11,0,13,0,2,0,0,0,0,19,76,0,1,4,4,2,16,3,5,0,0,0,1,0,0,0,3,0,1,0,0,0,0,1,0,0,0,2,26,1,14,39,0,9,8,28,54,40,40,19,35,4,27,91,96,25,85,29,19,5,36,23,5,4,16,31,0,4,10,1,0,258,0,0,0,2,0,0,7,7,1,3,0,0,1,12,17,25,3,121,0,2,0,1,0,3,0,0,0,0,0,0,0,0,0,0,0,0,1,37,269,10,17,6,12,0,0,13,39,10,2,4,18,10,3,7,1,47,6,9,0,4,3,0,1,32,6,172,1,105,5,1,0,0,2,3,0,2,0,2,0,1,0,0,0,4,55,161,72,83,70,31,125,162,116,10,102,39,57,95,0,0,0,2,0,14,0,4,21,14,109,75,66,0,33,47,33,51,19,20,82,21,23,210,0,22,12,76,0,67,0,0,0,0,4,14,2,2,3,0,3,5,23,3,0,0,0,0,10,1,0,0,0,0,0,0,1,0,0,0,0,5,1,0,0,0,1,2,0,16,5,8,3,4,0,1,0
"Clostridiales_Incertae_Sedis_XI","family",40,43,21,7,15,9,160,4,12,4,147,36,1,5,0,0,2,0,0,0,7,2,10,2,0,1,0,1,0,0,0,0,0,1,0,2,0,2,0,0,0,0,8,0,18,11,0,12,63,39,50,18,77,0,1,0,0,0,0,0,0,5,0,53,0,69,0,5,0,0,0,0,0,0,3,0,0,0,0,0,27,11,1,0,0,9,8,43,260,134,15,30,5,14,0,0,0,10,0,3,0,18,0,23,0,4,0,2,0,1,0,0,1,12,0,0,0,1,6,7,1,1,0,4,1,26,0,1,0,2,0,11,0,8,3,6,0,19,0,0,0,0,0,0,0,0,0,0,0,2,0,0,0,0,0,0,0,0,0,0,0,1,0,0,0,1,0,0,0,2,0,0,0,0,2,0,2,4,0,19,0,4,0,1,0,8,6,31,31,2,11,0,14,0,0,0,11,0,12,0,11,0,18,0,0,0,0,14,1,8,0,1,0,0,0,0,0,0,4,53,0,0,0,0,0,11,0,0,0,0,0,0,0,0,0,0,0,0,0,0,1,0,0,0,0,0,0,79,1,35,26,0,10,0,3,18,50,55,3,9,3,32,81,73,3,36,13,18,0,26,19,1,0,15,40,1,0,2,0,0,17,0,0,0,0,0,0,2,5,0,4,0,0,3,7,1,10,0,15,0,1,0,0,0,0,0,8,0,0,0,0,0,0,0,0,0,3,0,16,32,1,15,0,0,0,1,13,31,0,0,5,7,0,0,4,0,18,0,1,0,0,0,0,0,27,0,15,0,11,0,1,0,0,0,0,0,2,0,1,0,0,0,0,0,0,42,107,62,152,136,44,246,173,109,8,50,18,30,44,0,2,0,0,0,10,0,0,75,45,253,146,41,0,125,39,5,59,9,14,54,16,64,108,0,12,1,22,0,62,0,0,0,0,1,3,0,0,0,0,0,4,11,0,0,0,0,0,1,0,0,0,0,0,0,0,0,0,0,0,0,2,0,0,0,0,0,0,0,1,0,0,0,0,0,0,0
"Clostridium_sensu_stricto","genus",6,0,0,0,0,0,0,0,1,0,0,0,0,0,2,1,4,3,8,6,0,1,4,0,0,0,0,0,0,0,0,0,0,0,0,0,0,0,0,0,0,0,0,0,0,0,0,4,0,0,0,3,3,3,49,0,0,0,0,0,0,0,0,0,0,0,0,0,0,0,0,0,0,0,0,0,0,0,0,0,10,0,0,0,0,0,0,0,0,0,0,0,70,14,11,5,0,0,0,0,0,3,0,0,0,0,0,0,0,0,0,0,3,0,0,0,0,0,0,0,0,0,0,0,0,5,0,0,0,0,0,0,0,0,0,1,0,0,0,0,0,1,0,0,0,0,0,0,0,0,0,0,0,0,0,0,0,0,0,0,0,1,0,0,0,0,0,0,0,0,0,0,0,0,0,0,0,0,0,0,0,0,15,4,1,0,0,0,0,0,0,0,0,0,0,0,0,0,0,0,0,0,0,0,0,0,3,2,0,2,0,0,0,0,0,0,0,0,0,0,96,69,62,123,5,10,50,12,11,4,8,8,1,0,0,0,0,9,0,4,11,0,0,0,0,0,0,0,0,0,0,0,0,0,0,0,0,0,0,0,0,0,0,0,1,0,0,0,0,0,0,0,0,0,0,0,0,0,0,0,0,0,0,0,0,0,0,0,0,0,0,0,0,0,0,0,0,0,0,0,0,0,0,1,1,0,0,0,3,0,0,0,0,0,0,0,0,3,22,87,44,4,34,41,0,0,39,52,71,20,63,59,16,0,0,6,4,27,54,17,12,4,1,3,0,1,0,1,0,0,0,14,6,4,11,3,31,4,9,2,1,0,0,0,0,0,0,0,0,0,0,1,0,0,0,0,0,0,0,0,0,0,0,2,0,4,2,1,0,0,0,0,1,0,0,0,0,0,0,0,0,0,0,0,0,0,0,0,3,0,0,0,0,0,0,0,0,1,0,0,0,0,0,0,0,0,0,0,0,0,0,0,0,0,1,0,0,0,0,0,0,0,0,0,0,0,15,0,0,0,0,14,0,0,0,0
"Clostridium_XI","genus",16,0,0,0,1,0,0,0,0,0,0,0,0,0,0,0,0,0,0,0,0,0,2,3,0,1,0,0,0,0,0,0,0,0,0,0,0,0,0,0,0,0,0,0,0,0,1,25,18,0,0,4,7,6,141,0,0,0,0,0,0,0,0,2,2,1,0,2,0,0,0,1,0,0,0,0,0,0,0,0,0,0,0,0,0,0,0,0,0,0,0,0,0,0,0,0,0,2,0,0,0,12,0,0,0,0,0,2,0,0,0,0,0,0,0,0,0,0,0,0,0,0,0,3,0,1,0,1,0,0,0,0,0,0,0,0,0,0,0,0,1,0,0,0,0,0,0,0,0,0,0,0,0,0,0,0,0,0,0,0,0,2,0,0,0,0,0,0,0,1,0,0,0,0,0,0,0,0,0,0,0,0,0,1,0,0,0,0,0,0,0,0,1,0,24,0,0,0,0,0,0,0,0,0,0,0,0,0,0,0,0,0,0,1,0,0,0,0,0,0,0,0,0,0,0,1,0,0,0,0,0,0,5,0,0,0,0,0,0,0,0,0,0,1,0,0,0,0,0,0,0,0,0,0,0,0,0,0,0,0,0,0,0,0,0,0,0,0,0,0,0,0,0,0,0,0,0,0,0,0,0,0,0,0,0,0,0,0,0,0,0,0,0,0,0,4,3,0,0,0,0,0,0,6,0,0,0,0,0,0,0,0,0,0,0,0,0,0,0,0,0,0,0,0,0,0,0,0,0,0,1,0,0,0,0,0,0,0,0,0,0,0,0,0,0,0,0,0,0,0,0,0,0,1,5,0,0,0,0,0,0,0,0,0,1,0,0,0,2,0,0,0,2,0,0,0,0,0,0,0,0,0,0,0,0,0,0,0,0,0,1,0,0,0,0,1,0,0,0,0,1,1,0,0,0,2,4,0,0,0,0,0,0,0,0,0,0,7,0,0,0,0,0,0,0,0,0,0,0,0,0,0,0,0,0,0,0,0,0,0,0,0,0,0,0,0,0,0,0,0,0,0,0,0,0,0
"Coriobacteriaceae","family",0,0,1,0,0,1,0,0,1,0,1,0,0,0,0,21,0,18,0,9,3,9,2,0,0,4,0,0,0,0,0,0,1,0,2,6,0,0,0,0,0,0,38,1,0,5,0,2,0,0,0,1,0,0,0,0,0,0,0,0,0,2,0,42,0,27,0,4,0,0,0,1,0,0,0,1,0,0,0,0,0,7,0,1,0,0,0,0,0,0,0,0,0,0,1,0,0,1,0,0,0,0,0,0,0,2,0,0,0,0,0,0,0,0,0,0,0,0,0,0,0,0,0,0,0,0,0,0,0,0,0,0,0,0,0,1,0,0,0,0,0,0,0,0,0,0,0,0,0,0,0,0,0,0,0,0,0,0,0,0,0,0,0,0,0,0,0,0,0,0,0,0,0,0,0,0,0,0,0,0,0,0,0,0,0,2,0,0,0,0,0,0,0,0,0,0,0,0,0,0,0,0,0,0,0,0,0,0,0,0,0,0,4,0,4,0,1,1,0,0,0,0,0,0,0,0,0,0,0,0,0,0,0,0,0,1,0,0,0,0,0,0,0,0,0,0,0,0,0,0,0,0,0,150,93,37,0,0,0,0,0,0,8,0,1,0,0,0,0,0,0,69,79,114,9,0,0,0,0,0,22,0,0,0,0,5,19,0,0,0,0,0,0,0,0,0,3,0,1,0,0,0,0,0,0,0,0,0,0,0,0,0,0,0,0,0,0,0,5,0,0,0,0,1,0,0,0,1,0,0,1,0,0,0,2,0,0,0,0,0,0,0,0,0,0,0,1,0,2,0,0,0,0,0,0,0,1,0,0,0,0,0,0,0,0,0,0,0,3,1,0,1,0,8,8,57,0,0,1,0,0,0,0,0,0,0,0,0,0,0,1,1,0,0,0,0,0,0,0,0,0,0,1,0,0,0,4,0,0,0,0,0,0,22,0,52,0,1,0,2,11,0,0,0,0,0,0,2,25,0,0,0,0,0,1,0,0,0,0,0,1,10,0,0,0,0,0,0,56,11,32,0,0,0,0,0
"Corynebacterium","genus",40,3,25,9,5,12,89,0,2,0,0,56,0,0,0,0,0,0,0,2,17,1,0,0,0,0,0,2,0,0,0,0,4,3,0,4,0,10,0,4,7,0,25,0,6,13,9,1,64,5,3,0,4,1,0,0,0,0,0,0,0,1,0,0,0,10,0,76,4,0,0,3,1,2,77,30,3,7,0,21,53,85,4,108,78,643,0,1,0,2,24,2,0,3,0,14,0,0,0,2,0,2,0,0,0,0,0,0,0,0,0,2,0,0,0,4,0,26,72,86,7,41,7,310,16,216,47,139,45,270,1,13,11,400,93,858,0,25,0,0,1,7,0,0,0,1,0,0,4,1,1,0,0,2,0,7,3,1,0,1,0,4,0,9,1,10,1,13,12,16,0,1,4,53,1,13,7,354,2,278,1,21,0,25,6,0,0,5,4,0,23,0,9,0,1,0,4,0,4,0,7,0,10,0,0,1,0,0,8,12,0,50,7,462,0,111,0,2,1200,2,0,28,0,0,0,1,0,0,0,0,0,0,0,0,2,0,1,0,0,1,22,0,2,0,0,1,0,43,0,9,0,0,11,0,16,4,603,240,6,4,17,105,0,3,4,1,0,2,0,1,1,0,1,25,88,3,14,0,3,0,38,0,2,0,1,0,3,24,132,4,46,86,167,38,380,1,0,6,284,35,264,0,0,46,58,0,3,0,1,0,4,0,6,0,0,2,0,5,303,187,45,27,7,2,1,10,0,1,0,7,222,0,26,121,688,13,8,0,6,0,3,9,24,0,27,0,5,0,1,0,0,0,0,0,0,0,3,0,21,0,0,0,3,0,10,0,0,3,7,5,42,324,78,15,5,5,25,84,1188,0,53,1,136,3,57,6,304,84,38,342,608,8,1,67,9,0,8,9,2,4,0,31,27,0,1,2,1,0,32,1,108,0,29,1,1,0,80,497,13,0,1,27,2,0,0,3,0,0,0,0,0,0,0,0,3,2,0,0,0,0,34,0,2,0,0,3,13,0,1,0,0,0,207,8,205,0
"Dialister","genus",27,4,7,4,12,1,3,0,32,0,39,6,0,0,0,79,1,38,0,18,11,72,8,190,0,49,0,0,1,0,2,11,5,14,0,100,0,0,0,2,0,0,153,18,38,117,0,22,42,15,37,25,9,1,1,2,0,1,5,0,0,8,0,74,0,43,1,3,0,0,2,13,9,9,47,15,3,21,23,39,1,51,2,28,0,97,3,35,296,183,136,225,4,2,0,2,0,2,0,2,0,2,0,72,1,5,0,51,1,8,0,1,8,5,0,3,0,28,5,1,0,1,0,1,1,6,1,0,0,1,0,39,0,1,0,6,0,30,0,7,2,19,0,0,0,0,0,1,0,4,0,0,0,0,0,0,0,0,0,0,3,1,1,1,2,1,0,2,0,0,0,0,0,0,0,9,0,5,0,0,0,0,0,57,212,28,29,8,22,4,5,1,16,0,0,0,1,0,11,0,0,0,5,0,0,13,0,52,12,0,0,1,1,9,0,10,0,0,10,0,0,1,0,0,0,0,3,0,0,0,0,0,1,0,0,35,0,0,0,0,0,0,3,0,2,0,0,0,0,11,2,0,9,9,106,61,20,11,12,21,0,8,16,34,38,96,141,106,16,177,188,10,11,94,39,2,19,0,0,0,85,0,0,1,1,2,1,2,10,2,4,8,7,6,4,4,21,3,69,0,7,0,1,8,17,0,25,0,0,0,0,0,1,0,0,0,0,0,437,3,2,68,7,45,0,4,3,3,2,1,7,0,3,0,4,0,6,4,10,1,11,11,0,0,12,1,84,0,181,6,5,2,0,0,2,1,4,0,9,0,5,1,26,2,24,17,48,23,14,15,15,90,36,66,0,35,51,45,70,2,44,0,3,0,39,0,1,15,7,8,26,12,6,59,12,7,121,17,21,125,60,224,72,0,26,24,48,0,55,1,0,0,0,57,32,69,3,1,1,2,132,9,4,0,0,0,0,90,30,0,1,0,0,0,0,5,0,2,0,0,21,4,0,0,2,0,0,0,109,42,154,0,0,0,0,0
"Dyella","genus",0,0,0,0,0,0,0,0,0,0,0,9,0,0,0,0,0,0,0,0,0,0,0,0,0,0,0,0,0,0,0,0,0,0,0,0,0,0,0,0,0,0,0,0,0,0,0,0,0,0,0,0,0,0,0,0,0,0,0,0,0,0,0,0,0,0,0,1,0,0,0,0,0,0,0,0,0,2,0,0,0,0,0,0,0,0,0,0,0,0,0,0,0,0,0,0,0,0,0,0,0,0,0,0,0,0,0,0,0,0,0,0,0,0,0,0,0,0,0,0,0,0,0,0,0,0,0,0,0,0,0,0,0,0,0,0,0,0,0,0,0,0,0,0,0,0,0,0,0,0,0,0,0,0,0,0,0,0,0,0,0,0,0,0,0,0,0,0,0,0,0,0,0,0,0,0,0,0,0,0,0,0,0,0,0,0,0,0,0,3,0,0,0,0,3,0,0,0,0,0,1,0,0,0,0,0,0,0,1,58,0,1,0,2,0,16,0,0,0,0,0,0,0,0,0,0,0,0,0,0,0,0,0,0,0,0,0,0,0,0,5,0,0,0,0,0,0,0,0,0,0,0,0,0,0,0,0,0,0,0,0,0,0,0,0,0,0,0,0,0,0,0,0,0,0,0,0,0,0,0,0,0,0,0,0,0,0,0,0,0,0,0,1,0,0,0,0,0,0,0,0,0,0,12,21,0,0,0,0,0,0,0,0,0,0,0,0,0,2,0,2,0,0,0,0,0,0,1,0,0,0,0,0,0,0,0,0,0,0,0,0,0,0,0,0,0,0,0,0,0,0,0,0,0,0,0,0,0,0,0,0,0,0,0,2,0,0,0,9,0,0,0,0,0,1,0,0,0,0,0,0,0,0,0,0,0,0,0,0,0,15,1,0,1,0,0,0,0,0,0,0,0,0,0,0,0,0,0,0,0,0,0,0,0,0,0,0,0,0,0,0,0,0,0,0,0,0,0,0,0,0,0,0,0,0,0,0,0,0,0,0,0,0,0,0,0,1,0,0,0,0,0,0,0,0,0
"Escherichia_Shigella","genus",1,0,0,0,0,0,0,0,0,0,0,8,0,0,0,0,0,0,0,0,0,0,0,0,0,0,0,0,0,0,0,0,0,0,0,0,0,1,0,0,0,0,0,0,0,0,0,0,0,0,0,0,0,0,0,0,0,0,0,1,0,0,1,0,2,0,0,2,5,0,0,0,0,0,0,0,2,3,0,4,0,0,1,0,0,0,0,0,0,0,0,0,0,0,0,0,0,0,0,0,0,0,0,0,0,0,0,0,0,4,0,0,1,0,0,0,0,0,0,0,0,0,0,0,0,0,0,0,0,0,0,0,0,0,0,0,0,0,0,0,0,0,0,0,0,0,0,0,0,0,0,0,0,0,0,0,0,0,0,0,0,0,0,0,0,0,0,0,0,0,0,0,0,0,0,0,0,0,0,0,0,0,0,4,0,0,0,0,0,0,0,0,0,0,0,0,0,0,0,0,0,0,0,0,0,0,0,0,0,41,0,0,0,0,0,5,0,0,1,0,0,0,0,0,0,0,0,0,0,0,0,0,0,0,0,0,0,0,0,0,0,0,0,0,0,0,0,0,0,0,0,0,1,0,0,0,0,1,0,0,0,0,0,0,7,0,0,0,2,22,4,0,0,10,3,8,2,9,15,27,4,0,1,0,0,0,0,0,0,0,0,0,0,0,0,0,1,0,0,0,3,0,0,0,18,0,0,0,0,0,0,0,0,0,0,0,2,0,0,0,0,0,0,0,0,0,0,4,0,0,0,0,0,0,0,0,0,0,0,0,0,0,0,0,0,0,0,0,0,0,0,0,0,0,0,0,1,0,0,0,0,0,0,0,0,0,0,0,0,0,0,0,0,0,0,0,0,0,0,0,1,0,0,0,0,0,0,3,0,0,4,0,0,0,0,0,0,0,0,0,0,0,0,0,0,2459,12,0,0,0,0,0,0,0,0,0,0,0,0,0,0,0,0,2,0,0,0,0,0,0,0,0,0,0,0,0,0,0,0,0,0,0,0,0,0,0,0,0,0,0,0,0,0,0,0,0
"Facklamia","genus",14,1,3,5,3,3,12,0,0,0,0,0,0,0,0,0,0,0,0,0,0,0,0,0,0,0,0,0,0,0,0,0,0,1,0,0,0,0,0,0,0,0,0,0,0,0,0,0,14,0,1,0,0,0,0,0,0,0,0,0,0,0,0,0,0,0,0,0,0,0,0,0,0,0,0,0,0,0,0,0,0,0,0,5,0,2,0,0,2,3,4,1,0,0,0,30,0,2,0,1,0,2,0,0,0,0,0,0,0,0,0,0,0,0,0,0,0,2,9,14,0,1,0,7,0,0,0,2,3,2,0,1,0,5,0,0,0,0,0,0,0,3,0,0,0,0,0,0,0,0,0,0,0,0,0,0,0,0,0,0,1,2,0,3,0,1,0,4,0,0,0,0,0,2,0,1,0,21,0,9,0,1,0,5,3,0,1,0,1,0,1,0,2,0,4,0,0,0,0,0,0,0,0,0,0,0,0,0,0,0,0,0,0,1,0,9,0,0,0,0,0,0,0,0,0,0,0,0,0,0,0,0,0,0,0,0,0,0,0,0,1,0,0,0,0,0,0,10,0,4,6,0,1,0,2,0,32,13,4,0,3,10,0,0,0,4,0,5,0,0,0,0,0,13,37,0,0,0,0,0,0,0,0,0,0,0,0,4,16,1,2,3,16,0,4,0,0,0,14,0,0,0,0,2,0,0,0,0,0,0,0,0,0,0,0,0,0,0,6,9,6,1,0,0,0,0,0,1,0,0,1,0,3,0,0,0,0,0,0,0,0,0,0,0,0,0,0,0,0,0,0,0,0,0,0,0,1,0,0,0,0,0,0,0,0,0,0,0,5,2,12,81,12,0,1,0,9,11,7,0,0,0,1,1,0,0,2,38,22,21,85,41,0,6,15,1,0,0,0,2,0,0,25,0,1,0,5,0,9,0,0,0,0,0,0,0,0,0,2,0,2,0,0,0,0,1,0,0,0,0,0,0,0,0,0,0,0,0,0,0,4,0,0,5,0,0,2,0,0,0,0,0,0,0,2,0
"Faecalibacterium","genus",53,0,0,0,0,0,0,0,1,0,0,0,0,0,0,0,0,0,0,0,0,0,4,0,0,0,0,0,0,0,0,0,0,0,0,0,0,0,0,0,0,0,11,0,0,0,0,202,73,0,0,0,0,0,7,0,0,0,0,0,0,0,0,0,0,0,0,2,0,0,0,0,0,0,0,0,0,0,0,0,0,0,0,0,0,0,0,0,0,0,0,0,0,0,0,0,0,4,0,2,0,6,0,0,0,0,0,0,0,1,0,0,0,0,0,4,0,0,0,0,0,0,0,3,0,1,0,1,0,0,0,0,0,0,0,0,0,1,0,0,0,0,0,0,0,0,0,0,0,0,0,0,0,0,0,0,0,0,0,0,3,1,0,0,0,0,0,0,0,2,0,0,0,0,0,0,0,0,0,1,0,0,0,0,0,0,0,0,0,0,0,0,9,0,37,0,0,0,0,0,0,0,0,0,0,0,0,0,0,0,0,0,0,0,0,0,0,0,2,0,0,0,0,0,0,2,2,0,0,0,0,0,0,0,0,0,0,1,0,0,0,0,0,0,0,0,0,0,0,0,0,0,0,0,0,0,0,1,0,0,0,0,0,0,0,0,0,2,0,0,0,1,0,0,4,0,0,0,7,0,0,0,0,0,0,0,0,0,1,0,0,0,0,0,0,45,11,0,2,0,0,0,0,4,1,0,0,0,0,1,0,0,0,0,0,0,0,0,0,0,0,0,0,0,0,0,2,2,10,0,8,0,0,0,0,0,0,0,0,0,0,0,0,0,0,0,4,0,0,0,0,2,0,0,0,0,0,0,0,0,0,0,0,0,0,0,0,0,0,0,0,0,0,0,0,0,0,0,1,0,0,0,0,0,0,0,0,0,0,0,0,0,0,0,0,0,0,0,0,0,0,0,0,0,0,3,44,0,0,0,0,0,0,0,0,0,0,19,0,0,0,0,0,0,0,0,0,0,0,0,0,0,0,0,2,0,0,0,0,0,0,0,0,0,2,0,0,0,0,0,0,0,1,0,0,0
"Fastidiosipila","genus",3,0,0,3,0,2,5,0,0,0,2,3,0,1,0,0,0,0,0,1,0,0,0,0,0,0,0,0,0,0,0,0,0,0,0,0,0,0,0,0,0,0,0,0,0,0,0,0,2,0,0,0,2,0,0,0,0,0,0,0,0,0,0,0,0,0,0,0,0,0,0,0,0,0,0,0,0,0,0,0,0,0,0,0,0,0,3,7,0,0,0,0,0,0,0,14,0,0,0,2,0,0,0,0,0,0,0,0,0,0,0,0,0,0,0,0,0,0,0,2,0,0,0,3,0,1,0,0,0,3,0,0,0,0,0,0,0,0,0,0,0,0,0,0,0,0,0,0,0,0,0,0,0,0,0,0,0,0,0,0,0,0,0,0,0,0,0,0,0,1,0,0,0,0,0,0,1,2,0,3,0,0,0,2,0,2,11,0,0,0,0,0,0,0,0,0,0,0,0,0,0,0,0,0,0,0,0,0,0,0,0,0,0,0,0,0,0,0,0,0,0,0,0,0,0,0,0,0,0,0,0,0,0,0,0,0,0,0,0,0,0,0,0,0,0,0,0,1,0,0,1,0,0,0,0,0,33,58,0,6,0,15,6,13,0,0,0,0,0,0,0,0,0,1,1,0,0,0,0,0,0,0,0,0,0,0,0,5,8,0,5,5,0,0,0,0,0,0,0,0,0,0,0,0,0,0,0,0,0,0,0,0,0,0,0,0,0,0,0,3,0,0,0,0,0,1,0,0,0,0,0,0,0,0,1,0,0,0,0,0,0,0,1,0,0,0,0,0,0,0,0,0,0,0,0,0,0,0,0,0,0,0,0,0,0,0,0,7,4,0,3,17,9,0,0,0,1,1,3,0,4,0,1,0,0,0,0,28,9,23,12,13,0,5,4,1,0,1,0,0,0,0,23,0,6,0,1,0,0,0,0,0,0,0,0,0,0,0,0,0,0,0,0,0,0,0,0,0,0,0,0,0,0,0,0,0,0,0,0,0,1,0,0,0,0,0,0,0,0,0,0,0,0,0,0,0
"Finegoldia","genus",37,1,48,21,47,23,26,6,249,0,261,343,0,26,0,52,0,366,0,86,14,325,134,155,1,263,0,1,1,0,1,3,11,30,0,10,0,3,0,5,7,0,142,27,35,656,3,40,234,22,13,15,77,2,10,0,1,2,0,1,0,84,0,306,1,227,2,14,1,1,7,164,104,37,269,141,109,8,138,80,90,363,15,305,25,803,3,81,6,4,18,1,26,20,2,16,1,21,0,49,1,61,2,216,6,34,2,193,1,4,0,6,29,21,1,17,0,374,1,7,0,4,0,12,1,12,2,0,0,6,0,21,0,9,8,107,6,21,3,18,2,29,1,1,0,0,0,0,11,40,0,0,0,8,2,2,0,3,0,5,0,1,1,10,2,6,0,32,0,1,0,0,0,2,1,17,1,43,0,42,1,3,1,700,625,33,61,99,230,18,107,0,27,0,2,0,4,0,27,0,1,0,18,0,0,88,0,131,0,39,0,39,4,101,0,45,1,2,517,3,3,11,1,1,5,17,17,2,0,0,0,2,0,0,1,78,0,0,0,0,51,0,13,4,3,2,10,78,0,19,4,5,133,0,32,13,41,49,5,16,1,12,16,15,23,23,164,137,1,131,243,0,13,57,91,17,87,2,1,1,448,0,0,0,9,2,12,88,95,13,20,51,32,8,28,50,184,2,363,4,102,0,2,48,52,0,18,0,4,0,4,0,5,0,1,0,3,6,1141,49,13,261,30,162,0,15,18,121,0,1,105,8,7,2,97,0,52,2,4,2,13,4,0,0,24,1,20,0,38,0,1,0,0,0,2,1,13,1,17,1,5,0,25,0,10,4,11,7,6,15,6,50,53,70,7,35,29,34,2,0,6,0,20,0,73,0,10,363,165,46,206,527,4,15,8,10,64,1,4,47,1,20,61,4,4,2,21,0,40,1,24,0,4,14,59,0,6,37,1,0,31,89,7,0,0,0,2,24,5,0,0,0,0,0,1,46,0,0,0,1,59,1,17,3,1,2,8,2,5,0,1,0,5,3,15,5
"Fusobacterium","genus",1,0,0,0,0,0,0,0,2,0,0,0,0,0,2,35,0,0,0,43,9,54,6,312,2,76,0,0,0,0,0,0,1,0,0,0,0,0,0,0,0,0,0,0,0,0,0,0,0,0,0,0,0,0,0,0,0,0,0,0,0,0,0,0,0,0,0,0,0,0,0,0,0,0,0,0,0,1,0,0,0,0,0,0,0,0,0,0,0,0,0,0,0,0,0,0,0,0,0,0,0,0,0,0,0,0,0,0,0,0,0,0,0,0,0,0,0,0,3,0,0,0,0,0,0,0,0,1,0,0,0,2,0,0,0,0,0,0,0,0,1,1,0,0,0,0,0,0,0,0,0,0,0,0,0,0,0,0,0,0,0,0,1,0,0,1,0,2,0,1,0,0,0,0,0,2,0,8,0,1,0,0,0,15,11,3,0,4,7,0,0,0,1,0,0,0,1,0,8,0,1,0,2,0,0,0,0,0,0,0,0,0,0,0,0,0,0,0,5,10573,0,2,0,0,0,1,0,0,0,0,0,0,0,0,0,46,0,0,0,0,0,0,0,0,0,0,0,0,0,0,0,0,0,0,1,0,7,8,6,1,0,16,0,1,14,19,12,0,0,22,47,0,4,0,0,0,0,0,0,0,2,0,0,0,0,0,0,1,6,0,1,0,0,0,1,0,3,0,5,0,0,0,0,1,3,0,0,0,0,0,0,0,0,0,0,0,0,0,55,0,2,1,2,6,0,12,0,1,0,1,1,0,0,0,0,0,0,0,3,2,2,0,0,0,2,0,26,0,99,4,0,0,0,0,0,0,3,0,4,0,5,0,3,2,10,0,0,0,1,2,0,3,4,120,2,154,0,0,5,0,3,0,0,0,191,0,4,0,0,0,0,0,3,0,0,1,5,8,1,4,0,10,0,0,2,0,2,0,17,0,0,0,0,0,0,0,0,0,0,0,6,0,0,0,0,0,0,2,0,0,0,0,0,0,0,0,0,0,0,0,7,0,0,0,0,1,0,0,0,0,0,0,0,0,0,0
"Gallicola","genus",9,1,11,1,2,4,29,0,9,0,20,8,0,1,0,0,0,0,0,0,1,0,2,1,2,0,0,0,0,0,0,0,0,2,0,0,0,0,0,0,0,0,0,0,0,0,0,0,8,0,0,4,16,0,4,0,0,0,0,0,0,0,0,7,0,4,0,0,0,0,0,0,0,0,0,0,0,0,0,0,6,0,0,0,0,0,3,17,34,13,3,2,1,0,0,0,0,0,0,1,0,2,0,1,0,0,0,0,0,0,0,0,0,0,0,0,0,1,1,2,0,0,1,2,0,12,0,2,0,2,0,2,0,2,0,2,0,4,0,2,0,0,0,0,0,0,0,0,0,0,0,0,0,0,0,0,0,0,0,0,0,0,0,0,0,0,0,0,0,0,0,0,0,0,0,0,0,2,0,4,0,0,0,0,0,0,4,0,2,0,1,0,5,0,0,0,0,0,0,0,0,0,2,0,0,0,0,1,0,0,0,0,0,0,0,0,0,0,1,0,0,0,0,0,0,0,0,0,0,0,0,0,0,0,0,0,0,0,0,0,0,0,0,0,0,0,0,2,6,9,2,0,3,0,0,3,31,29,2,3,4,9,1,5,0,7,0,0,0,0,4,0,0,3,9,0,0,0,1,0,0,0,0,0,0,0,0,0,0,0,1,0,0,0,1,0,0,0,3,0,0,0,0,0,2,0,0,0,0,0,0,0,0,0,0,0,0,0,0,73,1,3,0,0,0,0,1,3,0,0,1,4,3,0,2,0,2,0,0,0,0,0,0,0,2,0,3,0,3,0,0,0,0,0,0,0,0,0,0,0,0,0,0,0,0,0,3,3,6,3,1,22,11,1,1,0,1,2,10,0,0,0,1,0,0,0,4,56,25,126,50,64,0,19,10,1,6,3,1,3,1,1,3,0,2,0,1,0,1,0,0,0,0,0,0,0,0,2,0,0,0,4,0,0,0,1,0,0,0,0,0,0,0,0,0,0,0,0,0,0,1,0,0,0,0,0,5,0,0,0,0,0,2,0,0,0
"Gardnerella_Other","genus",0,0,0,0,0,0,0,0,0,0,0,0,0,0,0,0,0,0,0,0,0,0,0,0,0,0,2218,1601,37,28,37,33,19,1240,945,1,0,0,350,680,1,66,2,101,0,1,0,0,2,0,0,0,0,0,0,0,0,0,0,0,0,0,0,0,0,0,0,0,0,0,0,0,0,0,0,6,1,0,0,0,0,0,0,0,0,0,1065,278,0,0,0,0,0,0,0,0,0,0,0,0,0,0,0,0,0,0,0,1,15,2,0,0,0,0,0,2,4,6,0,0,0,0,0,0,0,1,0,0,0,0,0,22,0,14,1,0,0,18,0,0,0,0,0,0,0,0,0,0,0,0,0,0,0,0,0,0,0,0,0,0,0,1,1,0,0,0,0,0,0,1,0,0,0,0,0,0,0,0,0,0,0,0,0,0,0,0,0,0,0,0,0,0,0,0,0,0,0,0,0,0,0,0,0,0,157,127,0,0,0,0,0,0,0,0,0,0,211,117,0,0,0,0,0,0,0,0,0,0,0,0,0,0,0,0,0,0,0,0,0,0,0,0,0,0,0,0,0,0,0,0,0,0,0,950,148,769,0,0,65,22,0,0,22,2,24,3,2,0,1,10,7,344,202,91,15,80,54,0,0,0,0,2,1,0,32,60,108,0,0,0,0,0,0,0,0,0,0,0,0,0,0,0,0,0,0,0,1,0,0,0,0,0,0,0,0,48,76,0,0,4,2,0,0,0,0,1,351,238,0,0,0,0,0,0,0,0,0,0,0,0,0,0,0,0,0,0,0,0,0,0,0,0,0,0,0,0,0,0,0,0,0,0,0,0,1,28,65,0,0,0,0,0,0,0,0,0,0,0,0,0,0,0,0,0,0,0,0,0,0,0,0,0,0,0,21,93,17,94,1881,333,699,337,0,0,0,1,0,0,0,0,4,1,19,228,1,256,0,0,0,116,86,0,50,1,0,40,52,44,189,0,34,0,0,0,0,21,0,0,35,0,159,114,43,0,0,0,0,0,654,198,158,0,0,0,0,0
"Gardnerella_vaginalis","species",0,0,0,0,0,0,0,0,0,0,0,0,0,0,0,0,0,0,0,0,0,0,0,0,0,0,2592,1442,1183,918,1480,1173,2568,1697,2261,2,0,0,844,1926,3,2679,5,2684,0,0,0,0,2,0,0,0,0,3,0,0,0,0,0,0,0,0,0,0,0,0,0,0,0,0,0,0,0,2,0,12,23,0,0,0,0,0,0,0,0,0,997,206,0,3,0,0,0,0,0,0,0,2,0,1,0,0,3,1,0,3,0,1,45,15,0,0,0,0,0,2,11,13,1,1,0,0,0,0,0,3,0,0,0,0,1,119,3,18,0,0,0,99,0,0,0,2,0,0,0,0,0,0,0,0,0,0,0,0,0,0,0,0,0,0,0,1,0,2,0,6,1,0,0,0,0,0,0,0,3,0,1,0,0,0,0,4,0,0,0,1,0,0,0,0,0,0,0,0,2,0,0,0,0,0,0,0,0,0,151,118,0,0,0,0,0,0,0,0,0,0,1782,2028,2,0,0,0,1,0,0,0,0,0,0,0,0,0,0,0,0,0,2,0,0,0,0,0,0,0,0,0,0,2,0,0,0,1,0,2954,1825,1718,2,1,1270,108,7,0,39,5,90,9,3,1,11,12,12,2417,4038,2398,783,3672,2738,0,0,0,1,4,3,2,115,2677,1982,0,0,0,0,0,0,0,0,0,0,0,0,0,1,0,0,0,5,0,0,0,0,0,0,0,0,0,0,1236,1276,3,5,46,14,0,0,0,0,0,8550,3924,0,0,0,2,0,0,0,0,0,0,0,0,0,0,0,0,0,0,0,0,0,0,0,0,0,0,0,0,0,0,0,0,0,0,0,0,0,1909,2013,0,0,0,1,0,0,0,0,0,0,0,0,0,0,0,0,0,0,0,0,1,0,0,0,1,0,0,231,3074,54,2842,1906,243,551,309,0,0,0,0,0,0,3,17,2,6,25,1197,4,2082,0,0,0,764,609,1,1081,6,0,236,96,468,1668,0,529,0,2,0,0,436,0,1,342,0,878,1477,1714,0,0,0,0,0,5291,1212,1024,0,0,0,0,1
"Gemella","genus",0,0,0,0,0,0,0,0,0,0,0,0,0,0,0,0,0,0,0,0,0,0,0,0,0,0,0,0,0,0,0,0,0,0,0,0,0,0,0,0,0,0,0,0,0,0,0,0,0,0,0,0,0,0,0,0,0,0,0,0,0,0,0,0,0,0,0,0,0,0,0,0,0,0,0,1,0,0,0,0,0,0,0,0,0,0,0,0,0,0,0,0,0,0,0,0,0,0,0,0,0,0,0,0,0,0,0,0,0,0,0,0,0,1,0,0,0,0,0,0,0,0,0,0,0,0,0,0,0,0,0,0,0,0,0,0,0,0,0,0,2,0,0,0,0,0,0,0,0,0,0,0,0,0,0,0,0,0,0,0,0,0,0,0,0,0,0,0,0,0,0,0,0,0,0,0,0,0,0,0,0,0,0,3,0,0,0,1,1,0,0,0,0,0,0,0,0,0,0,0,0,0,0,0,0,0,0,0,0,0,0,0,0,0,0,0,0,0,0,0,0,0,0,0,0,2,0,0,0,0,0,0,0,0,0,0,0,0,0,0,0,0,0,0,0,0,0,0,0,0,0,0,0,0,0,0,0,0,0,0,0,0,0,0,0,2,0,0,0,0,2,0,5,15,10,0,0,0,0,0,0,0,1,0,1,75,69,0,0,0,0,0,0,0,0,0,0,0,2,0,0,0,0,39,10,0,3,0,0,0,2,0,3,0,0,0,0,0,0,0,0,0,0,0,0,0,0,0,0,0,0,0,0,0,0,0,0,0,0,0,0,0,0,0,0,0,0,0,0,0,0,0,0,0,0,0,0,0,0,0,0,0,0,0,0,0,0,0,0,0,0,0,0,0,0,0,0,0,0,0,0,0,0,0,0,0,0,0,0,3,1,0,0,0,0,0,0,0,0,0,0,0,3,0,0,0,0,0,0,0,0,1,1,0,0,2,0,0,0,1,2,1,0,0,0,0,0,2,0,0,2,0,0,0,0,1,0,0,0,0,0,0,0,0,0,0,0,0,20,10,1,0,0,0,0,0
"Gordonibacter","genus",0,0,0,0,0,0,0,0,0,0,0,0,0,0,0,0,0,0,0,0,0,2,0,0,0,0,0,0,0,0,0,0,0,0,0,0,0,0,0,0,0,0,0,0,0,0,0,1,0,0,0,0,0,0,0,0,0,0,0,0,0,0,0,0,0,0,0,0,0,0,0,0,0,0,0,0,0,0,0,0,0,0,0,0,0,0,0,0,0,0,0,0,0,0,0,0,0,0,0,0,0,0,0,0,0,0,0,0,0,0,0,0,0,0,0,0,0,0,0,0,0,0,0,0,0,0,0,0,0,0,0,0,0,0,0,0,0,0,0,0,0,0,0,0,0,0,0,0,0,0,0,0,0,0,0,0,0,0,0,0,0,0,0,0,0,0,0,0,0,0,0,0,0,0,0,0,0,0,0,0,0,0,0,0,0,0,0,0,0,0,0,0,0,0,0,0,0,0,0,0,0,0,0,0,0,0,0,0,0,0,0,0,0,0,0,0,0,0,0,0,0,0,0,0,0,0,0,0,0,0,0,0,0,0,0,0,0,0,0,0,0,0,0,0,0,0,0,0,0,1,0,0,0,9,8,2,0,0,0,0,0,0,22,1,0,0,0,0,0,0,1,5,7,20,33,0,0,0,0,0,1,0,0,0,0,1,2,0,0,0,0,0,0,0,0,0,0,0,0,0,0,0,0,0,0,0,0,0,0,0,0,0,0,0,0,0,0,0,1,0,0,0,0,0,0,0,0,1,0,0,0,0,0,0,0,0,0,0,0,0,0,0,0,0,0,0,0,0,0,0,0,0,0,0,0,0,0,0,0,0,0,0,0,0,0,0,0,0,0,0,0,0,0,0,1,0,0,0,0,0,0,0,0,0,0,0,0,0,0,0,2,0,1,0,0,0,0,0,0,0,0,0,0,0,0,0,0,0,0,0,0,0,0,3,0,9,0,0,0,0,5,0,0,0,0,0,0,1,6,0,0,0,0,0,0,2,0,0,0,0,8,1,0,0,0,0,0,0,9,5,2,0,0,0,0,0
"Helcococcus","genus",0,1,1,0,0,1,9,0,0,0,0,0,0,0,0,0,0,0,0,0,0,0,0,0,0,0,0,0,0,0,0,0,0,0,0,0,0,0,0,0,0,0,0,0,0,0,0,0,0,0,0,0,0,0,0,0,0,0,0,0,0,0,0,0,0,0,0,0,0,0,0,0,0,0,0,0,0,0,0,0,0,0,0,0,0,0,0,0,0,0,0,0,0,0,0,0,0,0,0,0,0,0,0,0,0,0,0,0,0,0,0,0,0,0,0,0,0,0,9,10,0,1,1,6,0,5,2,7,0,3,0,2,0,10,0,0,0,0,0,0,0,0,0,0,0,0,0,0,0,0,0,0,0,0,0,0,0,0,0,0,0,1,0,1,0,0,0,0,0,3,0,0,0,13,0,0,0,16,1,5,0,0,0,2,0,0,0,0,0,0,0,0,0,0,0,0,0,0,0,0,0,0,0,0,0,0,0,0,0,0,0,0,0,0,0,0,0,0,1,1229,0,0,0,0,0,0,0,0,0,0,0,0,0,0,0,0,0,0,0,0,0,0,0,0,0,0,0,0,0,0,0,0,0,0,0,0,29,10,0,0,0,0,0,0,0,0,0,0,0,0,0,0,0,0,0,0,0,0,0,0,0,0,0,0,0,0,0,0,0,0,0,0,0,0,0,0,0,0,0,0,0,0,0,0,0,0,0,0,0,0,0,0,0,0,0,0,0,0,0,7,0,0,0,0,0,0,0,0,0,0,0,0,0,0,4,0,0,0,0,0,0,0,0,0,0,0,0,0,0,0,0,0,0,0,0,0,0,0,0,0,0,0,0,0,0,0,0,1,4,2,2,11,5,0,1,0,1,0,2,0,0,0,0,0,1,1,0,0,2,35,8,3,0,0,0,0,0,0,0,0,0,0,6,0,0,0,0,0,1,0,0,0,0,0,0,0,1,0,0,0,0,0,0,0,0,0,0,0,0,0,0,0,0,0,0,0,0,0,0,0,0,0,0,0,0,0,0,0,0,0,0,0,1,0,3,0
"Jonquetella","genus",0,0,1,0,0,0,0,0,1,0,0,0,0,0,8,494,0,0,0,0,2,54,67,1557,1,183,0,0,0,0,0,0,0,0,0,39,0,3,0,2,0,0,80,3,0,15,0,1,3,1,0,0,0,0,0,0,0,0,0,0,0,1,0,0,0,0,0,3,0,0,0,0,0,0,0,0,0,0,0,0,0,0,0,0,0,0,0,0,0,0,3,1,0,1,3,0,0,0,0,0,0,0,0,0,0,0,0,0,0,0,0,0,0,0,0,0,0,0,10,0,0,0,0,0,0,0,0,0,0,9,0,12,0,0,0,0,1,36,0,0,0,0,0,0,0,0,0,0,0,0,0,0,0,0,0,0,0,0,0,0,4,5,0,0,0,1,0,0,0,6,0,0,0,0,0,1,3,16,0,1,0,0,0,0,0,0,0,0,0,0,0,0,0,0,0,0,0,0,0,0,0,0,0,0,0,0,0,0,0,0,0,0,0,0,0,0,0,0,0,0,0,0,0,0,0,0,0,0,0,0,0,0,0,0,0,82,0,0,0,0,0,0,0,0,0,0,0,0,0,2,0,0,0,0,3,1,2,0,0,0,1,5,0,0,1,2,0,0,0,0,0,0,0,0,0,0,0,0,0,0,0,0,0,0,0,0,0,0,0,0,0,0,0,0,0,0,1,0,1,0,0,0,0,0,0,0,0,0,0,0,0,0,0,0,0,0,0,0,0,0,0,0,0,0,0,0,0,2,0,0,4,0,1,0,1,0,0,0,4,4,10,20,0,0,0,0,119,2,131,32,22,4,0,0,0,1,1,0,1,0,0,0,5,2,7,16,50,0,56,59,0,5,68,408,9,201,0,0,149,0,14,0,0,0,130,0,1,1,0,0,13,0,1,1,0,0,0,0,0,0,1,0,6,0,6,1,0,0,103,0,0,0,0,0,0,0,1,0,0,0,0,1,0,0,0,0,0,3,0,0,0,0,0,0,0,0,0,0,0,0,0,0,0,0,0,0,0,0,0,0,0,0,0,0,0,0
"Klebsiella","genus",0,0,0,0,0,0,0,0,0,0,0,0,0,0,0,0,0,0,0,0,0,0,0,0,0,0,0,0,0,0,0,0,0,0,0,0,0,0,0,0,0,0,0,0,0,0,0,0,0,0,0,0,0,0,0,0,0,0,0,0,0,0,0,0,0,0,0,0,0,0,0,0,0,0,0,17,920,0,0,0,0,0,0,0,0,0,0,0,0,0,0,0,0,0,0,0,0,0,0,0,0,0,0,0,0,0,0,0,0,0,0,0,0,0,0,0,0,0,0,0,0,0,0,0,0,0,0,0,0,0,0,0,0,0,0,0,0,0,0,0,0,0,0,0,0,0,0,0,0,0,0,0,0,0,0,0,0,0,0,0,0,0,0,0,0,0,0,0,0,0,0,0,0,0,0,0,0,0,0,0,0,0,0,0,0,0,0,0,0,0,0,0,0,0,0,0,0,0,0,0,0,0,0,0,0,0,0,0,0,0,0,0,0,0,0,0,0,0,0,0,0,0,0,0,0,0,0,0,0,0,0,0,0,0,0,0,0,0,0,0,0,0,0,0,0,0,0,0,0,0,0,0,0,0,0,0,0,0,0,0,0,0,0,0,0,0,0,0,0,0,0,0,0,0,0,0,0,0,0,0,0,0,0,0,0,0,0,0,0,0,0,0,0,0,0,0,0,0,0,0,0,0,0,0,0,0,0,0,0,0,0,0,0,0,0,0,0,0,0,0,0,0,0,0,0,0,0,0,0,0,0,0,0,0,0,0,0,0,0,0,0,0,0,0,0,0,0,0,0,0,0,0,0,0,0,0,0,0,0,0,0,0,0,0,0,0,0,0,0,0,0,0,0,0,0,0,0,0,0,0,0,0,0,0,0,0,0,0,0,0,0,0,0,0,0,0,0,0,0,0,0,0,0,0,0,0,0,0,0,0,0,0,0,0,0,0,0,0,0,0,0,0,0,0,1,0,0,0,0,0,0,0,0,0,0,0,0,0,0,0,0,0,0,0,0,0,0,0,0,0,0,0,0,0,0,0
"Lachnospiracea_incertae_sedis","genus",66,0,0,0,0,0,0,0,0,0,0,0,0,0,3,2,0,0,0,0,0,1,21,4,0,2,0,0,0,0,0,0,0,0,0,0,0,0,0,0,0,0,0,0,0,0,0,150,82,1,0,1,0,3,34,0,0,0,0,0,0,0,0,1,0,0,0,3,0,0,0,0,0,0,0,0,1,0,0,0,0,0,0,0,0,0,0,0,0,0,2,0,0,0,0,1,0,2,0,0,0,1,0,0,0,0,0,1,0,0,0,0,0,0,0,1,0,0,0,0,3,2,0,2,0,1,0,0,0,0,0,0,0,0,0,0,0,0,0,0,0,0,0,0,0,0,0,0,0,0,0,0,0,0,0,0,0,0,0,0,4,3,0,0,0,0,0,0,0,0,0,0,0,0,0,0,0,0,0,0,1,0,0,0,0,0,0,0,0,0,0,0,12,0,141,0,0,0,0,0,0,0,0,0,0,0,0,0,0,0,0,0,0,0,0,0,0,0,0,2,0,0,0,0,0,0,3,0,0,0,0,0,0,0,0,0,0,1,0,0,0,0,0,0,0,0,0,0,0,0,0,0,0,0,0,0,0,0,0,0,0,0,0,0,0,0,2,1,0,0,0,0,0,2,4,0,0,2,0,0,0,0,0,0,0,0,0,1,0,0,0,0,0,0,0,17,5,0,1,0,0,0,0,0,0,0,0,0,0,0,0,0,0,0,0,0,0,0,0,0,0,0,0,0,0,0,15,23,3,0,1,2,0,0,0,0,0,0,0,0,0,0,0,0,0,0,0,0,0,0,0,0,0,0,0,0,0,0,0,0,0,0,0,0,0,0,0,0,0,0,0,1,2,0,0,0,0,0,0,0,0,0,0,0,0,0,0,1,0,0,1,0,0,0,0,2,0,1,0,0,0,0,2,0,1,9,37,0,0,0,0,0,0,0,0,0,0,14,0,0,0,0,0,0,0,0,0,0,0,0,0,0,0,0,1,0,0,0,0,0,0,0,0,0,0,0,0,0,0,0,0,0,3,2,0,0
"Lachnospiraceae","family",22,0,0,0,0,0,0,0,0,0,0,0,0,0,0,7,0,0,0,0,0,2,18,4,0,0,0,0,0,0,0,0,0,0,0,0,0,0,0,0,0,0,9,1,1,0,1,21,26,1,2,2,7,2,18,0,0,0,0,0,0,0,0,1,0,0,0,2,0,0,0,0,0,0,0,0,0,1,0,0,0,0,0,0,0,0,0,0,0,0,0,0,0,0,0,0,0,1,0,2,0,0,0,0,0,1,0,3,0,0,0,0,0,0,0,3,0,0,0,0,1,1,0,1,0,1,0,0,0,0,0,0,0,0,0,1,0,1,0,1,0,1,0,0,0,0,0,0,0,0,0,0,0,0,0,0,0,1,0,0,0,1,1,0,0,0,0,0,0,0,0,0,0,0,0,0,0,0,0,0,0,0,0,3,0,1,0,1,0,0,0,0,2,0,11,0,0,0,0,0,0,0,0,0,0,0,0,0,0,0,0,0,0,0,0,0,0,0,0,0,0,0,0,0,0,0,0,0,0,0,0,0,0,0,0,0,0,12,0,0,0,0,0,0,0,0,0,3,0,0,0,0,4,0,0,1,0,3,0,0,1,0,1,2,0,0,1,0,0,0,0,157,468,1,0,0,1,1,0,0,0,0,0,0,0,0,0,1,0,0,0,0,0,0,0,19,1,0,0,0,0,0,0,4,1,0,2,0,0,0,0,0,0,0,0,0,1,0,5,0,0,3,0,0,0,0,3,5,10,0,0,0,0,0,0,0,1,0,0,0,0,1,0,0,0,0,7,0,6,0,0,0,0,0,0,0,0,0,0,0,0,0,0,0,0,0,1,0,0,1,0,0,6,0,0,3,3,0,4,0,0,0,0,0,1,0,0,1,1,0,0,1,1,2,1,0,0,0,0,0,2,1,6,0,0,6,34,0,1,0,0,0,0,0,0,0,0,11,0,654,307,0,0,0,0,0,0,420,0,0,0,0,0,0,0,0,0,0,0,0,76,235,0,0,0,0,0,0,46,37,44,0,1,1,0,0
"Lactobacillus_coleohominis","species",0,0,0,0,0,0,0,0,0,0,0,0,0,0,0,0,0,0,0,0,0,0,0,0,0,0,0,0,0,0,0,0,4,0,0,0,2,1,0,0,3,0,1,0,3,1,0,0,0,0,0,0,0,0,0,0,0,0,0,0,0,0,0,0,0,0,0,0,0,0,0,0,0,0,0,0,0,0,0,0,2,11,2,2,0,0,0,0,0,0,0,0,0,0,0,0,0,0,0,0,0,0,0,0,0,0,0,0,0,0,0,0,9,7,6,19,24,12,0,0,0,0,0,0,0,0,0,0,0,0,0,0,0,0,0,0,0,0,0,0,0,0,0,0,0,0,0,0,0,0,0,0,0,0,0,0,0,0,0,0,0,0,0,0,0,0,0,0,0,8,0,0,2,3,0,1,0,0,0,5,2,6,0,0,0,0,0,0,0,0,0,0,0,0,0,0,0,0,0,0,0,0,0,0,0,0,0,0,0,0,0,0,0,0,0,0,0,0,21,0,0,0,0,1,0,0,3,1,0,0,0,3,0,0,0,0,0,0,0,0,0,0,0,0,0,0,0,0,0,0,0,0,0,0,0,0,0,0,0,0,0,0,0,0,0,0,0,0,10,1,0,0,0,0,0,0,0,0,0,23,27,27,5,1,1,0,0,0,0,0,0,0,0,0,0,0,0,0,0,18,3,0,0,0,0,0,0,0,0,0,0,0,0,0,0,0,0,0,0,1,25,60,5,30,1,3,0,0,0,1,13,56,5,1,1,5,1,0,0,0,0,0,0,0,0,0,0,0,0,0,0,0,0,0,0,0,0,0,0,0,0,0,0,0,0,0,0,0,0,0,0,0,0,0,0,0,0,0,0,0,0,0,0,0,0,0,0,0,0,0,0,0,0,0,0,0,0,0,0,0,0,0,0,1,0,0,0,0,0,5,0,8,30,0,18,0,0,0,0,0,0,0,0,0,0,0,1,0,0,0,3,0,0,0,2,0,0,0,0,0,0,0,0,3,0,0,0,0,0,0,0,1,0,0,0,0
"Lactobacillus_crispatus","species",0,0,0,0,0,2,1,0,0,0,0,3,0,0,3,0,5,0,0,0,0,0,16,0,0,0,0,0,1,1,2,0,3,0,0,0,0,0,0,0,3,0,3,0,6,0,3,7,1808,0,0,0,0,7,2,0,0,1,1071,1,356,146,476,161,3,3,6,5,5,3071,5742,2351,0,1673,0,8,19,0,1,0,6106,4348,3874,2171,6591,2100,1,0,2,1,0,6,4532,5907,3299,5237,0,0,0,0,3677,2830,1510,742,1488,1760,4643,4071,3862,3014,5828,4693,8532,6858,3093,3472,2518,1670,2080,3290,2643,2871,2899,2329,3801,2139,4989,3900,5346,2910,3214,2072,9272,6169,3493,1858,7977,18863,7696,7365,1,4,3938,4303,3899,1500,1173,5298,6131,5767,13209,5441,7296,8337,7332,4915,8577,9480,10731,4800,5,0,1,25,1,2,1401,1658,168,2580,3630,3343,2114,4457,4195,3054,7121,3091,3495,2577,4583,3582,1161,520,637,2,0,1,0,18,1,2,2,2,4,0,0,1,0,0,1,0,0,0,0,4,0,0,1,34,0,0,0,0,1,0,1,0,16,1,0,0,3985,3466,3843,2738,5104,3392,1986,1817,1801,2196,2015,746,970,1,3,0,0,0,1,0,1,1,1,0,0,8,163,158,931,999,1292,0,0,0,13,76,0,0,0,0,0,0,0,0,576,387,433,402,122,8,0,2,40,1,0,3623,5597,3770,640,846,262,5116,2591,0,1,0,0,0,0,0,0,0,0,0,0,0,0,0,1,0,4,2,61,0,2,10747,4358,5296,4912,6181,5858,4386,3086,2903,2932,211,596,5925,1617,726,3531,2858,3768,5160,2,3,3609,11130,9562,2410,2307,394,190,3735,2512,0,0,0,0,1,1,2,0,0,0,0,1,0,0,0,0,0,2,1,1,0,1,0,0,2457,2820,7444,5285,0,0,0,0,0,0,1,0,2,0,1,0,0,0,0,1,0,0,2497,2464,3518,3134,0,0,0,11,1,0,3,0,0,0,0,6,3,2,17,11,4335,0,3,6,6,2,3788,32,3785,638,3,2539,45,3038,2016,0,6,0,366,2550,0,0,3286,46,0,0,3048,0,1052,4,2,0,0,0,0,1,0,0,4,3,4363,3,4877,2329,4183,0,20,0,5261,3737,4136,9521,3
"Lactobacillus_gasseri","species",59,26,75,156,155,808,192,37,65,231,236,353,255,83,58,255,121,435,51,236,139,695,502,304,224,375,687,425,1171,1006,615,1165,551,892,390,1,1,4,0,0,8,54,2,66,21,6,1755,0,1,0,0,0,0,2590,2174,1514,2521,5588,6633,5561,6699,5060,3656,1598,857,316,840,2939,1195,0,0,0,0,5,0,3,6,0,0,0,0,0,0,0,1,0,0,0,0,0,0,0,2188,1710,505,1344,21,16,0,2,0,4,10,58,7,23,0,3,21,17,0,0,4,29,1,58,0,12,0,1,1,3,3,1,48,46,22,43,13,20,0,3,4,33,9,1,1,16,0,1,2652,1854,0,1,0,0,0,0,0,0,0,0,0,4,0,0,1,3,0,0,0,0,0,0,0,0,1,0,0,0,0,0,0,0,0,0,1,0,0,0,0,0,1,143,74,0,0,0,0,11056,4431,4851,4927,5144,5499,4870,3762,2979,4836,1894,2534,11147,4662,6616,16,17,8,1,3699,1225,4381,3420,3407,958,2663,3990,22,32,852,0,0,3,1,0,1,0,0,0,0,0,0,0,0,285,432,12,967,624,111,136,1465,1393,2738,4,1,134,215,600,165,262,810,505,1564,4,0,0,4,4,0,0,0,1,0,0,23,6,16,24,6,27,0,0,0,0,4,0,0,0,0,10,22,38,24,7,1,1,1,0,0,0,0,0,0,0,0,2629,1462,6,329,19,195,98,1168,0,0,0,0,0,2,0,0,0,0,0,0,0,0,0,1,3,0,0,19,77,1,12,192,200,0,0,2,0,0,0,0,0,5,5,22,7,23,16,0,0,0,0,0,890,820,3486,3299,2,0,0,0,0,2,5,16,71,289,19,239,14,57,1,0,0,0,0,0,0,0,0,1067,737,0,0,0,0,0,0,1,0,11,0,2,0,0,0,1,1,449,0,0,0,0,0,0,0,687,156,0,5,1,0,0,3700,1681,0,2,29,8,0,18,0,0,0,1827,0,0,0,0,259,669,0,1,0,0,0,31,0,3,3,0,0,0,0,0,0,0,0,1214,18,1728,0,0,3,0,0,0,23,0,0,22,2
"Lactobacillus_gigeriorum","species",0,0,0,0,0,0,0,0,0,0,0,0,0,0,0,0,0,0,0,0,0,0,0,0,0,0,0,0,0,0,0,0,0,0,0,0,0,0,0,0,0,0,0,0,0,0,0,0,0,0,0,0,0,0,0,0,0,0,0,0,0,0,0,0,1,0,0,0,0,0,0,0,0,4,0,0,0,0,0,0,77,25,4,1,0,0,0,0,0,0,0,0,0,0,0,0,0,0,0,0,5,5,3,0,0,1,22,8,5,11,43,16,124,107,24,34,15,16,0,0,0,0,0,0,0,0,0,0,0,0,0,0,10,14,12,3,9,39,15,17,0,0,0,0,0,0,0,0,0,0,0,0,2,1,7,7,5,11,14,4,0,0,0,0,0,0,0,0,0,0,0,0,0,0,0,0,0,0,0,0,0,0,0,0,0,0,0,0,0,0,0,0,0,0,0,0,0,0,0,0,0,0,0,0,0,0,0,0,0,0,0,0,0,0,0,0,0,0,0,0,0,0,0,0,0,0,0,0,0,0,0,0,0,0,0,0,0,0,0,0,0,0,0,0,0,0,0,0,2,0,4,2,3,0,0,0,0,0,0,0,0,0,0,0,0,0,17,5,0,0,0,0,0,0,0,0,0,0,0,0,0,0,0,0,0,0,0,0,0,0,0,0,0,0,0,0,0,0,0,0,0,0,0,0,0,0,0,0,0,0,0,22,32,9,5,41,33,0,0,59,25,79,25,70,2,3,0,0,2,28,55,5,0,0,0,0,0,0,0,0,0,0,0,0,0,0,0,0,0,0,0,0,0,0,0,0,0,0,0,0,0,0,0,0,0,0,0,0,0,0,0,0,0,0,0,0,0,0,0,0,0,0,0,11,8,3,6,0,0,0,0,0,0,0,0,0,0,0,0,0,0,0,0,12,0,0,0,0,0,2,0,7,1,0,0,0,0,0,0,0,0,0,8,0,0,0,0,0,0,6,0,0,0,0,0,0,0,0,0,0,0,0,0,28,0,0,3,5,0,0,0,0,0,5,21,0
"Lactobacillus_iners","species",736,1660,1412,1712,630,631,477,1940,1111,3119,3395,5977,2713,3759,6489,1677,5487,2168,4034,2594,5927,201,4330,463,5485,2836,0,0,0,0,0,0,2,0,1,1,2488,2128,1480,1218,4235,837,1283,1464,3845,3385,1507,0,2,0,0,0,0,4,0,1,0,0,0,0,0,0,0,0,1,1,1,1,0,0,0,0,0,1309,0,43,214,3,2,0,41,0,0,0,17,0,0,0,0,1,0,0,0,0,0,0,2037,1688,2640,2147,16,135,1363,376,1587,1898,2,15,2901,2872,13,2,54,77,2703,3836,3129,4254,0,0,0,0,0,0,0,1,0,0,2,1,0,0,0,0,198,9,12,1624,87,145,0,25,1,0,0,0,0,0,0,2,0,0,0,0,4,6,0,0,0,0,2956,2729,2630,3148,2586,3156,3133,1844,5547,3322,143,63,1362,1198,842,662,225,72,88,41,129,79,1186,745,133,1,1,0,0,4,2,0,1,1,4,0,2,0,3,0,4,0,1,0,1985,2280,2807,785,1,24,0,0,3,0,1,12,4,0,5618,7889,10327,8040,0,0,3,8,22,5,15,14,3,12,0,2832,2442,2452,3063,5907,3312,3431,2551,5557,6488,5432,4638,7288,5218,1318,3030,1188,1235,770,1050,7,17,16,1,4,3181,407,3598,2279,0,0,3319,819,131,32,2485,1463,512,3,387,0,5,0,0,25,15,736,142,1709,2474,1868,1837,269,293,0,0,0,0,0,0,1,0,0,1,0,1,1,5,0,7723,0,0,0,0,0,0,0,0,0,0,0,0,5,0,6420,10254,2,0,0,0,0,0,0,0,1,3,0,1,1,2139,2309,1104,12,14,13925,12365,14801,31225,24955,4182,3855,3285,4547,2792,1925,3075,0,0,10802,2020,4356,12220,3404,7885,4847,6423,4733,1525,404,897,0,2,271,303,155,93,0,18,398,35,17,3495,874,1,0,0,4392,3682,3575,3264,268,82,674,530,601,4,2,62,1,2404,29,2,0,0,0,0,0,2,1,1,2,2,0,0,2,0,445,2338,564,1817,146,100,3,0,0,1168,15,3,4534,0,2751,2319,0,2336,947,105,1,1790,906,2742,1469,9539,1800,1874,3723,3834,2427,1482,667,1,0,0,0,62,9,271,129,245,0,140,4,0,4250
"Lactobacillus_jensenii","species",23,72,111,121,141,483,172,446,285,1455,380,872,2170,1078,322,222,155,258,39,112,61,16,217,65,74,126,0,0,0,0,0,0,0,0,0,0,0,0,0,0,0,0,0,0,0,0,1552,0,0,0,0,0,0,0,0,0,0,0,0,0,0,0,0,0,2708,587,1874,2372,1999,0,0,0,0,86,0,0,0,0,0,0,422,619,49,39,0,0,0,0,0,0,0,0,0,0,0,0,539,545,321,514,71,50,142,25,29,37,516,509,56,69,243,109,687,878,242,323,196,87,0,0,0,0,0,0,0,0,0,0,0,0,0,0,42,66,81,19,69,193,22,48,0,0,0,0,0,0,0,0,0,0,4,0,13,50,45,45,38,158,37,75,0,0,0,0,0,0,0,0,0,0,0,0,0,1,1,1,0,0,0,0,0,0,0,1,0,0,0,0,0,1,3,0,0,0,3,0,0,0,0,818,1105,1170,1024,1072,363,365,238,81,0,11,0,0,0,0,0,17,0,4,7120,4,0,0,0,1,0,0,0,0,2,0,0,0,0,0,0,0,0,0,0,0,0,0,0,17,11,101,96,58,94,51,215,153,306,0,0,0,0,0,0,0,0,0,0,0,21,5,320,210,42,21,0,0,0,0,0,379,144,0,4,0,0,0,0,4,0,0,7,0,0,0,0,0,0,0,0,0,0,4217,2448,14832,2006,4014,1198,0,0,0,0,0,0,0,0,108,146,57,51,195,199,11,159,2465,424,1846,152,644,9,23,12818,11784,34,314,857,155,0,2,0,11,3,0,0,0,0,0,0,0,0,0,0,0,0,0,0,0,0,0,0,0,0,0,0,0,0,0,1,0,0,0,0,0,0,0,0,0,0,0,0,0,0,0,0,0,0,0,0,56,64,31,23,0,0,0,1,0,0,0,0,0,0,0,0,0,0,0,0,48,0,0,0,0,0,124,0,134,6973,0,0,0,0,0,0,0,0,0,28,0,0,0,0,0,0,28,8,0,194,500,0,0,4,10,0,0,0,0,0,164,0,0,45,56,0,0,0,14,0,39,60,0
"Lactobacillus_Other","genus",14,89,124,116,141,211,96,291,205,535,447,360,862,586,307,205,221,379,89,233,151,140,362,127,256,253,20,18,28,25,20,34,81,107,4,0,8,7,5,4,27,44,12,18,32,64,359,0,8,0,0,0,0,352,297,234,321,112,111,68,193,149,193,66,382,80,220,637,353,0,0,2,0,190,1,4,14,0,1,0,152,49,12,18,3,76,0,0,0,0,0,0,418,298,84,152,180,164,244,285,26,50,188,75,152,167,34,43,268,182,85,31,188,215,367,499,300,239,9,14,0,5,8,12,15,25,10,5,7,17,0,5,26,71,60,20,14,355,46,45,33,19,0,3,3,0,0,1,7,3,0,3,6,13,15,16,14,39,17,14,7,8,5,10,71,86,113,167,147,177,48,20,116,101,154,108,63,53,30,75,60,77,55,88,47,0,0,0,0,306,123,181,161,189,183,71,39,48,73,338,373,1067,573,605,152,156,182,87,124,28,124,74,73,28,83,81,16,8,427,23,45,51,22,19,22,48,20,8,3,11,9,26,2,219,218,52,232,258,93,129,123,339,555,39,27,143,225,281,184,99,229,109,225,1,0,1,1,1,85,16,80,45,0,0,133,40,47,15,71,100,26,0,12,0,1,19,5,17,7,215,77,158,102,229,150,23,22,0,0,3,0,0,0,0,0,140,95,87,280,167,76,101,269,1,0,0,9,2,0,0,0,38,32,25,10,31,36,68,186,133,78,112,56,270,13,36,387,334,7,68,158,43,144,47,29,19,37,52,66,53,143,110,22,4,28,11,44,144,222,65,43,53,15,38,59,30,66,21,42,37,74,87,111,3,10,5,13,4,1,0,4,16,2,1,117,56,0,1,0,16,8,10,24,77,68,141,99,10,2,0,1,0,130,0,1,0,0,0,0,0,33,12,0,21,0,0,0,111,82,33,71,111,226,8,72,13,0,15,133,1,0,86,38,70,178,2,28,15,0,3,32,73,240,140,117,42,28,67,10,60,53,12,173,94,155,0,19,20,9,10,11,57,25,39,83,65
"Megasphaera","genus",0,0,2,1,1,2,1,0,42,0,0,0,0,0,1,260,0,67,0,38,8,123,8,136,1,39,0,0,0,0,0,0,0,0,0,0,0,0,0,0,3,0,2,2,3,14,0,0,0,0,0,0,0,0,0,0,0,0,0,0,0,2,0,44,0,26,0,1,0,0,0,0,0,0,0,1,0,0,0,0,0,0,0,1,0,9,0,0,0,0,1,0,0,0,3,0,0,0,0,0,0,0,0,0,0,0,0,0,0,0,0,0,0,0,0,0,0,0,0,0,0,0,0,0,0,0,1,0,0,0,0,0,0,0,0,0,0,1,0,0,0,0,0,0,0,0,0,0,0,0,0,0,0,2,0,0,0,0,0,0,0,1,0,0,0,0,0,0,0,0,0,0,0,0,0,0,1,1,0,0,0,1,0,0,0,2,0,0,0,0,0,0,0,0,0,0,1,0,0,0,0,0,0,0,0,0,0,0,0,0,0,0,0,0,0,0,1,0,0,0,0,1,0,1,0,0,0,0,0,0,1,0,0,0,0,0,0,0,0,0,0,0,0,0,0,0,0,0,0,0,1,0,9,413,198,200,0,0,0,0,0,0,0,0,0,0,0,0,0,0,1,188,370,0,0,0,0,0,1,0,0,0,0,0,0,0,0,0,0,0,0,0,0,0,0,0,0,0,0,0,0,0,0,0,0,0,0,0,0,0,0,0,0,0,0,0,0,0,37,10,6,51,0,0,0,0,0,0,0,0,5,0,0,0,0,0,0,4,3,3,11,20,0,0,1,0,2,0,3,4,2,1,1,0,0,0,2,0,0,0,0,0,0,0,2,0,0,0,0,0,0,0,0,0,0,0,0,0,4,0,0,0,0,0,6,0,0,3,0,0,0,0,0,0,0,0,0,0,0,0,0,0,0,0,0,1,0,0,0,0,0,0,0,222,0,216,0,0,0,14,118,0,0,0,0,0,0,373,127,0,0,0,0,0,1,0,0,0,0,0,296,212,0,0,0,0,0,0,129,163,178,0,0,0,1,0
"Mobiluncus","genus",24,0,3,0,2,0,0,0,1,0,0,0,0,0,0,0,0,0,0,0,1,12,2,5,0,4,0,0,0,0,0,0,0,7,1,10,0,0,0,0,0,0,8,0,2,0,0,0,0,36,82,0,0,0,0,0,0,0,0,0,0,4,0,2,0,0,0,0,0,0,0,0,0,0,0,1,0,0,0,0,3,0,0,0,0,0,2,6,32,31,15,35,0,0,0,0,0,1,0,0,0,1,0,0,0,0,0,0,0,0,0,0,0,0,0,0,0,0,4,4,0,0,1,2,1,2,1,0,0,2,0,4,0,1,0,0,0,0,0,0,0,0,0,0,0,0,0,0,0,0,0,0,0,0,0,0,0,0,0,0,0,1,0,1,0,1,0,0,0,0,0,0,0,0,0,0,0,1,0,0,0,0,0,0,2,168,164,2,3,0,0,0,2,0,0,0,1,0,13,0,1,0,0,1,0,0,0,0,0,0,0,0,0,0,0,0,0,0,9,0,0,0,0,0,0,2,0,0,0,0,0,0,0,0,0,0,0,0,0,0,0,0,0,0,0,0,0,0,0,0,0,0,1,0,12,0,3,4,5,27,3,5,10,9,29,60,15,14,0,3,2,0,3,0,1,0,0,0,0,0,0,0,0,0,1,0,0,0,1,0,1,0,0,0,2,2,4,1,8,0,1,0,0,0,14,0,1,0,0,0,0,0,0,0,0,0,0,0,19,0,2,1,0,0,0,0,0,0,0,0,0,0,0,0,0,0,0,2,2,1,3,0,0,0,0,0,27,0,18,3,6,0,0,0,0,0,0,0,0,0,0,0,2,0,3,6,3,44,66,41,6,25,154,151,4,45,163,172,94,0,6,0,2,0,7,0,0,2,0,1,7,7,0,19,65,10,47,18,53,487,266,409,734,0,91,0,42,0,14,0,0,0,0,3,2,1,0,0,0,227,8,0,0,0,0,0,0,3,2,0,0,0,0,0,0,1,0,0,0,0,4,0,0,0,0,0,0,0,2,0,0,0,0,0,0,0
"Moryella","genus",37,1,0,0,0,0,1,0,0,0,0,0,0,0,0,2,0,0,0,0,6,24,0,22,0,5,0,1,0,0,0,0,0,2,0,9,0,0,0,0,0,0,29,0,8,4,0,31,31,41,56,0,0,0,0,0,0,0,0,0,0,6,0,3,0,0,0,1,0,0,0,0,0,0,0,0,0,0,0,0,0,0,0,0,0,0,0,0,0,0,0,0,0,0,0,0,0,0,0,0,0,0,0,3,0,0,0,0,5,0,0,0,0,0,0,0,0,0,1,0,0,0,0,0,0,5,0,0,0,0,0,6,10,2,0,0,0,2,0,0,0,0,0,0,0,0,0,0,0,0,0,0,0,0,0,0,0,0,0,0,0,1,0,0,0,0,0,0,0,0,0,0,0,0,0,0,0,0,0,0,0,0,0,0,2,0,0,0,0,0,0,0,0,0,0,0,0,0,0,0,0,0,0,0,0,0,0,28,0,2,0,0,0,0,0,0,0,0,0,0,0,0,0,0,0,0,0,0,0,0,0,0,0,0,0,0,0,0,0,0,0,0,0,0,0,0,0,1,0,0,0,0,0,7,26,9,0,0,0,0,0,0,50,42,0,0,0,1,1,0,0,10,0,0,2,0,0,0,0,0,3,0,0,0,0,0,0,0,0,0,0,0,0,0,0,0,0,0,0,0,0,0,0,0,0,0,0,0,0,0,0,0,0,0,0,0,0,0,10,0,0,0,0,0,0,0,0,0,0,0,0,0,0,0,0,0,0,0,0,4,1,0,0,0,0,0,19,1,17,0,3,0,0,0,0,0,0,0,0,0,0,0,0,1,0,11,19,12,67,55,6,25,180,91,0,37,40,34,27,0,1,0,0,0,0,0,0,2,4,2,1,1,1,10,0,0,0,0,0,0,0,0,143,0,118,0,12,0,7,0,0,0,0,0,0,0,0,0,0,0,0,0,0,0,0,0,0,0,0,0,0,0,0,0,0,0,0,0,0,0,0,0,0,0,0,0,0,0,0,0,0,0,0,0,0,0
"Murdochiella","genus",8,0,0,0,1,0,0,0,1,0,8,0,0,0,0,10,0,0,0,0,2,3,0,11,0,2,0,0,0,0,0,0,0,0,0,0,0,0,0,0,0,0,2,0,3,0,0,0,9,0,0,0,3,0,1,0,0,0,0,0,0,43,0,207,0,146,0,12,0,0,0,0,0,0,0,0,0,0,0,0,29,1,0,0,1,3,0,0,0,0,0,0,1,2,0,0,0,0,0,0,0,2,0,6,1,0,0,3,0,0,0,0,0,1,0,0,0,2,4,6,0,3,0,2,0,3,0,0,0,2,0,0,0,1,1,5,0,3,0,1,0,0,0,0,0,0,0,0,0,0,0,0,0,0,0,0,0,0,0,0,0,0,0,0,0,0,0,0,0,0,0,0,0,0,0,2,0,0,0,0,0,0,0,1,1,4,2,1,0,0,0,0,0,0,0,0,5,0,9,0,0,0,4,0,0,0,0,0,0,7,0,0,0,0,0,0,0,0,0,0,0,0,0,0,0,0,0,0,0,0,0,0,0,0,0,0,0,0,0,0,0,0,0,0,0,0,0,0,1,2,1,0,0,0,1,0,0,1,0,5,0,0,3,2,0,3,2,3,0,0,1,0,1,0,1,0,0,0,0,0,9,0,0,0,0,0,0,0,1,0,0,0,0,0,0,0,4,0,0,0,0,0,0,0,0,0,0,0,0,0,0,0,0,0,0,0,0,0,4,3,0,3,0,0,0,0,0,0,0,0,0,0,0,0,1,0,2,6,1,3,0,2,0,0,10,0,66,0,60,1,1,0,0,0,0,0,0,0,1,0,0,0,4,0,0,4,10,9,6,6,5,26,31,19,1,35,5,2,1,0,0,0,1,0,0,0,0,0,0,2,1,0,0,11,21,0,7,7,15,35,4,6,28,0,11,1,15,0,10,0,0,0,0,0,0,0,0,1,0,0,10,7,0,0,0,0,0,0,0,0,0,0,0,0,0,0,0,0,0,0,1,0,0,0,0,0,0,0,0,0,0,0,0,0,0,0
"Mycoplasma","genus",0,0,0,0,0,0,0,0,0,0,0,0,0,0,0,0,0,0,0,0,0,0,0,0,0,0,0,0,0,0,0,0,0,0,0,0,0,0,0,0,0,0,0,0,0,0,0,0,0,0,0,0,0,0,0,0,0,0,0,0,0,0,0,0,0,0,0,0,0,0,0,0,0,0,0,0,0,0,0,0,0,0,0,0,0,0,0,0,0,0,0,0,0,0,0,0,0,0,0,0,0,0,0,0,0,0,0,0,0,0,0,0,0,0,0,0,0,0,0,0,0,0,0,0,0,0,0,0,0,0,0,0,0,0,0,0,0,0,0,0,0,0,0,0,0,0,0,0,0,0,0,0,0,0,0,0,0,0,0,0,0,0,0,0,0,0,0,0,0,0,0,0,0,0,0,0,0,0,0,0,0,0,0,0,0,0,0,0,0,0,0,0,0,0,0,0,0,0,0,0,0,0,0,0,0,0,0,0,0,0,0,0,0,0,0,0,0,0,0,0,0,0,0,0,0,0,0,0,0,0,0,0,0,0,0,0,0,0,0,0,0,0,0,0,0,0,0,0,0,0,0,0,0,0,0,0,0,0,0,0,0,0,18,4,16,99,0,0,0,6,0,0,1,3,0,0,0,0,0,0,0,0,0,0,0,0,0,0,0,0,0,0,0,0,0,0,0,0,0,0,0,0,0,0,0,0,0,0,0,0,0,0,0,0,0,0,0,0,0,0,0,0,0,0,0,0,0,0,0,0,0,0,0,0,0,0,0,0,0,0,0,0,0,0,0,0,0,0,0,0,0,0,0,0,0,0,0,0,0,0,0,0,0,0,0,0,0,0,0,0,0,0,0,0,0,0,0,0,0,0,0,0,0,0,0,0,0,0,0,0,0,0,0,0,0,0,0,0,0,0,0,0,0,0,0,0,0,0,0,0,0,0,0,0,0,0,0,0,0,0,0,0,0,0,0,0,0,0,0,0,1,0,0,0,0,0,0,0,0,0,0,0,0,0,0,0,0,0,0,0,0,0,0,0,0,0
"Olsenella","genus",0,0,0,0,0,0,0,0,0,0,0,0,0,0,0,9,0,2,0,0,1,3,0,2,0,0,0,0,0,0,0,1,0,4,0,17,0,0,0,0,0,0,12,1,2,43,0,0,0,0,0,0,0,0,0,0,0,0,0,0,0,5,0,59,0,8,0,4,0,0,0,0,0,0,0,1,2,0,0,0,0,34,0,3,0,0,0,0,0,0,0,0,0,0,0,0,0,0,0,0,0,0,0,0,0,0,0,0,0,0,0,0,0,0,0,0,0,0,0,0,0,0,0,0,0,0,0,0,0,0,0,1,0,0,0,0,0,0,0,0,0,1,0,0,0,0,0,0,0,0,0,0,0,0,0,0,0,0,0,0,1,0,0,0,3,1,0,0,0,0,0,0,0,0,0,2,0,2,0,3,0,0,0,0,0,0,0,0,0,0,0,0,0,0,0,0,0,0,0,0,0,0,0,0,0,0,0,0,0,0,0,0,0,0,0,0,0,0,0,0,0,0,0,0,0,0,2,0,0,0,0,0,0,0,0,0,0,0,0,0,0,0,0,0,0,0,0,0,0,6,0,0,0,0,0,0,2,0,0,2,0,0,0,0,0,0,0,2,0,0,0,0,1,0,0,0,0,0,0,0,18,0,0,0,0,0,0,0,0,0,0,0,0,0,0,0,0,0,0,0,0,0,0,0,0,0,0,0,0,0,0,0,0,0,0,0,0,0,3,0,0,3,0,0,0,0,0,0,0,0,1,0,0,0,0,0,0,0,0,0,0,0,0,0,0,0,17,0,12,0,0,2,0,0,0,0,0,0,1,0,0,0,1,0,0,0,0,0,2,2,0,2,1,0,6,97,0,0,1,0,2,0,1,0,5,0,0,0,0,0,1,0,0,0,0,0,0,0,0,0,0,1,1,0,0,0,1,0,0,0,0,0,0,0,0,0,0,0,0,0,0,0,0,0,0,0,0,0,0,0,0,0,0,0,0,0,0,0,0,0,0,0,0,0,0,0,0,0,0,0,0,0,0,0,0,0
"Other_Bacteria","Bacteria",131,34,46,5,37,8,43,0,37,0,352,66,0,26,12,174,23,213,9,45,58,171,113,408,2,134,1,0,1,3,4,4,2,6,0,3,2,11,0,1,20,5,84,14,43,173,31,157,253,20,25,25,31,40,252,1,0,0,0,1,2,62,48,59,2,70,20,49,71,0,3,25,11,22,8,15,20,24,2,20,101,47,9,26,16,156,17,62,32,22,26,19,47,23,14,18,2,48,0,25,2,39,1,62,2,9,3,97,3,18,0,0,25,17,0,24,1,37,7,21,3,14,2,29,4,83,12,9,7,20,2,31,15,144,11,70,3,58,1,9,9,72,0,0,0,16,0,2,0,4,3,0,2,5,0,1,0,3,0,3,8,20,1,31,0,1,1,13,10,17,0,0,6,18,1,12,7,164,2,35,5,37,13,44,52,33,41,17,23,20,45,4,46,2,112,1,3,0,26,1,10,1,33,3,0,6,2,26,14,315,1,10,6,52,13,64,4,11,186,2050,86,54,30,34,11,16,25,8,3,3,2,1,0,1,5,15,2,27,11,8,39,0,3,2,12,2,3,21,15,40,23,4,42,27,48,34,77,80,25,21,23,62,20,28,44,82,46,27,14,73,72,66,96,14,23,4,7,1,4,6,94,5,4,0,13,21,33,17,28,17,10,4,18,5,18,64,51,12,141,6,23,6,21,13,165,3,33,0,0,3,1,1,4,0,0,5,6,8,248,110,26,94,30,76,3,13,61,123,53,18,96,39,39,11,43,15,25,44,35,6,31,13,9,2,77,8,292,2,219,18,14,14,6,2,27,4,15,4,48,1,7,1,14,2,65,15,19,15,31,19,44,244,87,129,9,108,26,20,154,3,50,0,39,3,69,9,57,17,13,62,225,89,18,86,38,18,33,32,18,120,117,104,107,2,40,33,125,3,77,4,13,1,4,15,12,59,16,105,4,29,69,10,2,0,0,6,1,44,61,0,1,0,0,0,3,20,0,0,5,0,78,49,3,0,45,0,17,1,226,111,143,12,41,3,62,0
"Paraprevotella","genus",0,4,2,0,1,0,1,0,0,0,1,0,0,0,0,0,0,0,0,0,11,3,3,43,0,11,0,0,0,0,0,0,0,0,0,8,0,3,0,2,0,0,3,0,0,0,0,0,2,0,0,0,1,0,0,0,0,0,0,0,0,0,0,1,0,0,0,1,0,0,0,0,0,0,0,0,0,0,0,0,11,0,0,0,0,0,0,0,0,0,0,0,0,0,0,0,0,0,0,0,0,1,0,0,0,0,0,0,0,1,0,0,0,0,0,0,0,0,0,0,0,1,0,1,0,0,0,0,0,0,0,1,0,0,1,1,0,0,0,0,0,0,0,0,0,0,0,0,0,0,0,0,0,0,0,0,0,0,0,0,1,0,0,0,0,0,0,0,0,0,0,0,0,0,0,2,0,0,0,1,0,0,0,0,0,0,0,0,0,0,0,0,0,0,0,0,0,0,0,0,0,0,0,0,0,0,0,0,0,0,0,0,0,0,0,0,0,0,0,0,0,0,0,0,0,0,0,0,0,0,0,0,0,0,0,0,0,0,0,0,0,0,0,0,0,0,0,0,0,0,0,0,0,0,0,0,0,0,0,0,0,3,0,0,0,0,0,0,0,0,0,0,0,0,0,0,0,1,0,0,0,0,0,0,0,0,0,0,0,0,0,0,0,0,0,0,0,0,0,0,0,0,0,0,0,0,0,0,0,0,0,0,0,0,0,0,0,0,0,0,0,0,0,0,0,0,1,3,1,0,0,1,0,0,0,0,1,1,3,0,0,12,0,0,6,1,168,3,131,1,1,0,0,0,0,0,0,0,0,0,0,0,0,0,0,9,19,0,20,2,0,0,9,3,0,14,0,5,12,0,7,0,1,0,3,0,0,2,0,1,0,1,0,2,0,0,0,0,0,0,0,0,0,0,0,0,0,0,0,0,0,0,0,0,0,0,0,0,0,0,0,0,0,0,0,0,0,2,0,0,0,0,0,0,0,0,0,0,0,0,0,0,0,0,0,0,0,0,0,0,0,0,0,0,0,0
"Parvimonas","genus",0,0,0,0,0,0,0,0,0,0,0,2,0,0,0,0,0,0,0,0,1,0,0,0,0,0,0,0,0,0,0,0,0,0,0,0,0,0,0,0,0,0,0,0,0,0,0,0,0,0,0,0,0,0,0,0,0,0,0,0,0,0,0,0,0,0,0,0,0,0,0,0,0,0,0,0,1,0,0,0,0,0,0,0,0,0,0,0,0,0,0,0,0,0,0,0,0,1,0,0,0,0,0,0,0,0,0,0,0,0,0,0,0,0,0,0,0,0,0,0,0,0,0,0,0,0,0,0,0,0,0,0,0,0,0,0,0,0,0,0,0,0,0,0,0,0,0,0,0,0,0,0,0,0,0,0,0,0,0,0,0,0,0,0,0,0,0,0,0,0,0,0,0,0,0,0,0,0,0,0,0,0,0,1,0,0,0,0,0,0,0,0,0,0,0,0,0,0,0,0,0,0,0,0,0,0,0,0,0,0,0,0,0,0,0,0,0,0,0,1583,0,0,0,0,0,0,0,0,0,0,0,0,0,0,0,0,0,0,0,0,0,0,0,0,0,0,0,0,0,0,0,0,0,8,7,9,0,0,0,1,0,0,18,28,1,6,1,0,5,2,2,29,16,12,2,0,0,0,0,0,0,0,0,0,0,1,2,0,1,0,0,0,0,0,0,2,18,0,0,0,0,0,0,1,1,0,4,0,0,0,0,0,0,0,0,0,0,0,0,0,0,0,0,0,0,0,0,0,0,0,0,0,0,0,0,0,0,0,0,0,0,0,0,0,0,0,1,0,0,0,0,0,0,0,0,0,0,0,0,0,0,0,0,0,0,0,0,12,14,5,12,67,21,7,0,1,1,0,13,0,0,0,0,0,0,0,0,0,0,5,0,0,0,13,0,0,0,0,0,0,0,0,19,0,12,0,0,0,0,0,0,2,0,11,0,2,0,0,0,13,12,0,0,0,0,0,0,1,5,0,0,0,0,0,0,0,0,0,0,0,1,2,0,0,0,0,0,0,47,13,14,0,0,0,0,0
"Peptococcus","genus",5,0,0,0,3,0,0,0,2,0,18,14,0,0,0,0,0,0,0,0,4,10,4,3,0,0,0,0,0,0,0,0,0,0,0,1,0,0,0,0,0,0,3,0,0,0,0,16,26,1,0,1,0,0,0,0,0,0,0,0,0,0,2,15,0,4,0,1,0,0,0,0,0,0,0,0,0,0,0,0,6,2,0,1,0,6,2,0,6,0,0,0,0,0,0,0,0,0,0,0,0,1,0,2,0,0,0,0,0,2,0,0,0,0,0,0,0,0,0,2,0,0,0,0,0,1,1,0,0,9,0,1,0,2,0,8,4,10,0,0,0,0,0,0,0,0,0,0,0,0,0,0,0,0,0,0,0,4,0,0,0,0,0,0,0,0,0,0,0,0,0,0,0,0,0,0,0,3,0,1,0,0,0,0,0,0,0,0,0,0,0,0,0,0,0,0,0,0,0,0,0,0,0,0,0,0,0,2,0,0,0,0,0,0,0,0,0,0,0,0,0,0,0,0,0,1,0,0,0,0,0,0,0,0,0,0,0,0,0,0,0,0,0,0,0,0,0,1,0,3,0,0,18,0,0,0,4,3,0,1,0,1,7,6,0,1,1,1,0,0,2,0,0,0,1,0,0,0,0,0,19,0,0,0,0,0,0,0,1,0,0,0,0,0,0,0,0,0,1,0,0,0,0,0,0,0,0,0,0,0,0,0,0,0,0,0,0,0,0,6,0,6,0,0,0,0,0,0,0,0,0,1,0,0,0,0,4,0,0,0,0,0,0,0,6,0,9,0,3,0,0,0,0,0,0,0,1,0,1,0,0,0,1,0,1,3,9,58,40,20,43,162,154,42,1,17,1,1,21,0,1,0,0,0,1,0,0,12,3,17,12,0,0,29,8,6,9,1,1,15,0,6,7,0,4,1,7,0,0,0,0,0,0,1,0,0,0,0,0,0,0,1,0,0,0,0,0,0,0,0,0,0,0,0,0,0,0,0,1,0,0,0,0,0,0,0,0,0,0,0,0,0,0,0,0,4
"Peptoniphilus","genus",375,74,98,38,98,20,126,2,69,0,318,222,0,16,0,66,0,2,0,13,26,122,43,96,1,20,1,3,0,0,0,1,7,19,0,22,3,2,0,1,0,0,76,11,52,121,0,31,306,142,78,34,171,2,1,0,0,0,4,0,0,35,0,289,0,93,0,22,1,0,3,61,21,11,53,17,8,0,15,24,117,210,4,37,6,263,74,388,350,168,131,168,13,3,1,18,0,5,0,15,1,56,0,142,0,8,0,72,0,12,0,6,22,6,0,0,1,65,8,28,0,2,0,11,2,48,0,0,4,14,0,93,0,14,3,68,0,62,1,18,0,12,0,0,0,0,0,1,0,3,0,0,0,7,0,2,0,6,0,2,3,2,0,2,4,1,0,8,0,7,0,0,0,3,0,8,0,22,1,33,0,3,0,166,169,207,243,141,115,2,16,0,38,0,3,0,3,0,8,2,5,0,10,1,0,21,0,91,1,23,0,13,0,9,0,28,0,1,206,259,0,6,0,1,1,15,4,0,0,4,2,2,0,0,0,69,0,2,0,0,17,0,3,2,2,3,1,67,5,81,19,8,83,2,58,55,213,354,105,450,30,93,214,259,39,110,204,282,4,95,89,14,1,97,155,25,78,1,1,0,376,0,0,0,15,0,5,27,67,13,23,67,48,29,52,40,251,6,301,9,41,0,0,15,48,0,7,0,0,0,2,0,1,0,1,0,1,2,248,138,9,110,10,32,0,4,31,103,10,0,37,37,9,4,17,0,87,10,13,0,2,4,9,1,42,2,91,0,54,4,4,0,0,1,4,0,4,1,10,0,0,0,8,0,4,135,263,187,157,132,72,376,284,269,14,158,133,152,154,0,6,0,3,0,14,0,3,351,142,458,498,411,3,157,190,33,284,58,46,197,45,161,393,4,168,19,186,0,119,0,9,0,5,14,28,8,8,21,0,5,15,55,7,0,0,1,0,19,9,1,0,0,0,0,0,9,0,0,0,0,30,2,0,4,0,2,2,2,23,10,10,0,1,0,4,2
"Peptostreptococcus","genus",0,0,0,0,0,0,0,0,0,0,0,0,0,0,0,6,0,8,0,0,1,38,0,4,0,3,0,0,0,0,0,0,0,2,0,2,0,0,0,0,0,0,6,0,6,55,0,0,0,0,0,0,0,0,0,0,0,0,0,0,0,0,0,0,0,0,0,0,0,0,0,0,0,0,0,0,0,0,0,0,0,0,0,0,0,0,0,0,1,0,0,1,0,0,0,0,0,1,0,2,0,1,0,16,0,3,0,31,0,0,0,0,0,0,0,4,0,10,0,0,0,0,0,0,0,0,0,0,0,0,0,0,0,0,0,0,0,0,0,0,0,0,0,0,0,0,0,0,0,0,0,0,0,0,0,0,0,0,0,0,0,0,0,0,0,0,0,0,0,0,0,0,0,0,0,0,0,0,0,0,0,0,0,1,2,0,0,0,0,0,0,0,0,0,0,0,0,0,0,0,0,0,0,0,0,0,0,0,0,0,0,0,0,0,0,0,0,0,0,0,0,0,0,0,0,0,0,0,0,0,0,0,0,0,0,46,0,0,0,0,0,0,0,0,0,0,0,0,0,0,0,0,0,0,0,0,0,1,0,0,0,0,0,0,0,2,2,2,0,0,2,0,0,0,1,0,0,0,0,0,0,0,0,0,0,0,2,0,0,0,0,0,0,0,0,0,0,0,0,0,0,0,0,0,8,0,0,0,0,0,0,0,0,0,0,0,0,0,0,0,0,0,0,0,0,0,0,0,0,0,0,2,1,0,0,0,0,0,0,0,0,0,0,0,0,0,0,0,0,0,0,0,0,0,0,0,0,0,0,0,0,0,0,0,0,0,0,10,0,0,13,79,2,7,0,0,0,0,0,0,0,0,0,0,0,0,0,0,0,0,0,0,0,14,0,0,0,0,0,0,0,0,6,0,0,0,0,0,0,0,0,0,0,0,0,0,0,2,0,0,0,0,0,0,0,1,0,0,0,0,0,0,0,0,0,0,0,0,0,0,1,0,0,0,0,0,0,0,0,0,0,0,0,0,0,0
"Porphyromonadaceae","family",2,1,0,0,3,0,2,1,1,0,5,0,0,0,0,0,0,0,0,0,9,17,1,34,0,6,0,0,0,0,0,0,0,1,0,1,0,0,0,0,0,0,0,0,2,0,0,1,7,6,5,0,0,0,0,0,0,0,0,0,0,9,0,16,0,4,0,0,0,0,0,0,0,0,0,0,0,0,0,0,2,0,0,0,0,0,4,22,0,0,0,0,0,0,0,0,0,0,0,0,1,0,0,4,0,0,0,1,0,0,0,0,0,0,0,0,0,0,2,0,0,0,0,0,0,1,0,0,1,1,0,2,0,1,0,2,0,1,0,0,0,0,0,0,0,0,0,0,0,0,0,0,0,0,0,0,0,0,0,0,0,1,0,0,0,0,0,0,0,0,0,0,0,0,0,0,3,0,0,0,0,0,0,0,0,0,0,0,1,0,0,0,0,0,0,0,0,0,0,0,0,0,0,0,0,0,0,5,0,0,0,1,0,0,0,0,0,0,2,150,0,0,0,0,0,0,0,0,0,0,0,0,0,0,0,0,0,0,0,0,0,0,0,0,0,0,0,0,0,1,0,0,0,0,10,0,1,0,0,0,0,1,28,33,16,46,3,6,3,54,2,5,0,0,0,0,0,0,0,0,7,0,0,0,0,0,0,0,0,0,0,0,0,0,0,0,0,0,3,0,0,0,0,0,0,0,0,0,0,0,0,0,0,0,0,0,0,0,2,0,0,0,0,0,0,0,0,0,0,0,0,0,0,0,0,0,0,1,1,2,0,2,0,0,0,0,44,0,26,1,3,0,0,1,0,1,1,0,0,0,0,0,1,0,0,8,11,2,31,19,0,3,12,21,4,32,4,1,13,0,3,0,0,0,0,0,0,1,0,2,4,14,0,1,22,3,4,9,10,127,196,239,25,0,0,0,1,0,3,0,0,0,0,0,0,0,1,0,0,0,1,0,0,0,0,0,0,2,0,0,0,0,0,0,0,0,0,0,0,0,0,0,0,0,0,0,0,0,0,0,0,0,0,0,0,0
"Porphyromonas","genus",23,9,18,5,24,0,13,0,1,0,48,0,0,0,0,7,0,0,0,0,18,57,5,41,4,2,0,0,0,0,0,0,0,1,0,0,0,0,0,0,0,0,11,0,11,2,0,9,97,55,107,2,13,0,0,0,0,0,0,0,0,7,0,73,0,25,0,3,0,0,0,0,0,0,0,0,0,0,0,0,50,2,0,0,0,18,4,4,4,3,4,5,0,1,0,0,0,2,0,3,0,6,0,37,1,3,0,4,0,2,0,1,0,1,0,0,0,0,3,5,0,1,0,0,0,7,0,0,1,0,0,23,0,2,0,9,0,14,0,0,0,0,0,0,0,0,0,0,0,0,0,0,0,0,0,0,0,0,0,0,1,1,0,0,0,0,0,0,0,0,0,0,0,0,0,0,0,0,0,3,0,0,0,0,0,2,0,0,0,0,0,0,0,0,0,0,0,0,1,0,0,0,1,0,0,1,0,10,0,0,0,8,0,3,0,0,0,0,0,857,0,0,0,0,0,1,0,0,0,0,0,0,0,0,0,0,0,0,0,0,0,0,0,0,0,0,0,6,4,78,9,1,9,1,9,17,27,33,1,25,1,6,58,103,4,9,0,1,0,21,18,1,0,4,4,4,8,0,2,0,131,0,0,0,0,0,0,0,0,0,1,0,0,4,1,1,12,0,5,1,1,0,0,0,0,0,0,0,0,0,0,0,0,0,0,0,0,0,9,71,0,3,0,0,0,0,7,10,0,0,17,1,4,2,3,0,20,0,3,0,1,1,1,0,15,1,78,1,21,1,1,0,0,0,0,0,3,0,0,2,0,0,2,0,0,32,36,21,78,95,50,171,235,125,6,70,29,29,20,0,1,0,2,0,1,0,0,25,19,91,79,31,0,52,12,3,48,12,17,56,53,45,289,0,13,0,14,0,38,0,0,0,0,0,0,0,0,0,0,0,0,1,0,0,0,1,0,1,0,0,0,0,0,0,0,0,0,0,0,0,0,0,0,0,0,0,0,0,0,0,0,0,0,0,0,0
"Prevotella","genus",210,98,164,66,300,15,45,4,225,9,1088,42,0,16,3,740,0,642,4,137,120,789,61,877,3,251,1,3,0,0,1,30,8,37,0,188,0,5,0,5,25,0,454,63,148,827,1,58,259,393,502,14,18,0,0,0,3,0,3,0,0,74,1,699,0,416,1,15,0,1,10,122,24,14,41,35,15,9,51,25,62,250,15,239,5,1070,175,693,909,625,689,995,20,26,3,8,1,21,0,11,0,11,1,249,2,15,3,64,5,4,0,8,1,6,0,1,0,44,30,17,2,6,1,11,3,81,4,5,7,32,0,217,0,17,5,39,0,157,2,8,4,16,0,1,0,0,0,3,0,4,0,0,0,0,1,3,1,3,0,0,17,12,0,8,0,6,0,11,1,6,0,0,0,3,0,24,8,36,0,15,0,3,0,41,429,734,830,537,539,37,71,0,228,0,1,0,42,0,146,0,2,0,46,2,0,79,0,571,0,51,1,58,0,153,0,104,0,1,97,45,0,0,0,6,0,23,17,12,0,0,1,4,0,2,4,365,0,5,0,0,3,0,4,1,4,0,2,22,3,49,8,8,36,39,403,427,307,439,223,533,51,429,235,234,163,232,301,661,17,136,437,96,40,276,206,37,160,1,4,1,708,0,0,0,8,0,8,162,92,19,107,9,3,35,54,30,312,196,1310,4,20,0,0,14,13,0,30,0,0,0,2,0,3,0,0,2,0,6,458,32,18,421,21,63,1,4,6,7,2,0,28,9,8,0,14,0,18,17,38,18,27,94,3,1,48,11,613,8,482,14,33,22,3,0,5,1,21,4,75,8,18,0,61,4,24,127,278,1335,288,278,919,5560,760,1356,22,552,677,667,429,0,39,0,12,1,250,0,1,510,292,208,163,584,50,1413,455,305,736,159,206,731,376,571,741,1,1442,106,728,2,535,0,17,4,1,193,83,159,23,35,1,10,285,152,16,0,0,6,2,146,149,0,0,0,0,0,1,74,0,2,1,0,93,42,1,0,0,0,0,1,264,260,391,0,6,0,1,0
"Propionimicrobium","genus",2,0,0,0,1,0,0,0,0,0,0,0,0,0,0,0,0,0,0,0,0,0,0,0,0,0,0,0,0,0,0,0,0,0,0,0,0,0,0,0,0,0,0,0,0,0,0,0,0,3,3,0,0,0,0,0,0,0,0,0,0,0,0,0,0,0,0,0,0,0,0,0,0,1,0,0,0,0,0,0,0,0,0,0,0,0,1,0,0,0,8,2,0,0,0,0,0,0,0,0,0,0,0,0,0,0,0,0,0,0,0,0,0,0,0,0,0,0,0,0,0,0,0,0,0,0,0,0,0,0,0,4,0,1,0,0,0,6,0,0,0,0,0,0,0,0,0,0,0,0,0,0,0,0,0,0,0,0,0,0,0,0,0,0,0,0,0,0,0,0,0,0,0,0,0,0,0,0,0,0,0,0,0,0,0,16,17,2,4,0,0,0,0,0,0,0,0,0,1,0,0,0,0,0,0,0,0,0,0,0,0,0,0,0,0,0,0,0,0,0,0,0,0,0,0,0,0,0,0,0,0,0,0,0,0,0,0,0,0,0,0,0,0,0,0,0,0,1,0,0,0,0,0,0,0,12,2,18,2,6,0,1,2,5,14,13,6,3,0,0,0,0,0,0,0,0,7,0,0,0,0,0,0,0,0,0,0,2,12,10,22,1,0,1,0,0,0,0,1,0,0,0,0,0,0,0,0,0,0,0,0,0,0,0,0,0,0,0,7,0,0,0,0,0,0,0,0,0,0,0,0,0,0,0,0,0,0,0,0,0,0,0,0,0,0,0,2,0,0,0,0,0,0,0,0,0,0,0,0,0,0,0,0,0,0,0,0,1,2,1,7,25,7,10,1,3,3,0,0,0,0,0,2,0,0,0,0,9,2,12,4,13,0,10,1,0,0,0,1,11,0,5,18,0,13,9,1,0,2,0,0,0,0,0,0,0,0,0,0,0,0,0,0,0,0,0,0,0,0,0,0,0,0,0,0,0,0,0,0,0,0,0,0,0,0,0,0,0,0,0,0,0,0,0,1,0
"Pyramidobacter","genus",0,1,0,0,0,0,0,0,0,0,0,0,0,0,0,0,0,0,0,1,9,60,7,20,0,1,0,0,0,0,0,0,0,0,0,0,0,2,0,0,0,0,0,0,11,0,0,0,0,0,0,0,0,0,0,0,0,0,0,0,0,0,0,0,0,1,1,0,0,0,0,0,0,0,0,0,0,1,0,0,6,23,0,0,0,0,0,0,0,0,0,0,0,0,0,0,0,0,0,0,0,1,0,0,0,0,0,0,1,5,0,0,0,0,0,0,0,0,0,0,0,0,0,0,0,0,0,0,0,0,0,0,0,0,0,0,0,1,0,0,0,0,0,0,0,0,0,0,0,0,0,0,0,0,0,0,0,0,0,0,0,0,0,0,0,0,0,0,0,0,0,0,0,0,0,0,0,0,0,0,0,0,0,0,0,0,0,0,0,0,0,0,0,0,0,0,0,0,0,0,0,0,0,0,0,0,0,0,0,0,0,0,0,0,0,0,0,0,0,0,0,0,0,0,0,0,0,0,0,0,0,0,0,0,0,0,0,0,0,0,0,0,0,0,1,0,0,0,0,1,0,0,0,0,0,0,0,0,0,0,0,0,0,0,0,0,0,0,0,0,0,0,0,0,0,0,0,0,0,0,1,0,0,0,0,0,0,0,0,0,0,0,0,0,0,0,0,0,0,0,0,0,0,0,0,0,0,0,0,0,0,0,0,0,0,0,0,0,0,0,0,0,0,0,0,1,0,0,0,0,0,2,0,0,0,0,0,0,0,0,2,0,0,0,1,0,35,1,30,8,1,0,0,0,0,0,0,0,0,0,0,0,0,0,0,21,19,0,28,24,0,1,3,24,0,10,1,1,14,1,0,0,0,0,1,0,0,0,0,0,1,0,0,0,0,0,1,0,0,0,0,0,0,0,0,0,0,0,0,0,0,0,0,0,0,0,0,0,0,0,0,0,0,0,0,0,0,0,0,0,0,0,0,0,0,0,0,0,0,0,0,0,0,0,0,0,0,0,0,0,0,0,0,0,0,0
"Ruminococcaceae","family",26,1,0,1,1,0,0,0,2,0,3,10,0,0,0,2,0,0,0,0,1,3,8,38,0,4,0,0,0,0,0,0,0,0,0,0,0,0,0,0,0,0,2,0,0,0,0,3,6,0,0,0,1,1,9,0,0,0,0,0,0,3,0,1,0,0,0,0,0,0,0,0,0,0,0,0,3,0,0,0,2,0,0,0,0,0,2,3,0,0,0,0,0,0,0,0,1,0,0,0,0,3,0,0,0,0,0,1,0,2,0,0,0,0,0,0,0,0,2,0,0,0,1,0,0,5,0,0,2,2,0,0,0,0,2,6,0,0,0,0,0,0,0,0,0,0,0,0,0,0,0,0,0,0,0,0,0,0,0,0,2,0,0,0,0,0,0,0,0,0,0,0,0,0,0,0,0,0,0,0,0,0,0,0,0,0,0,0,0,0,0,0,4,0,8,0,0,0,0,0,0,0,0,0,0,0,0,0,0,0,0,0,0,0,0,4,0,0,0,0,0,0,0,0,0,2,2,0,0,0,0,0,0,0,0,0,0,0,0,0,0,0,0,0,0,0,0,1,0,0,1,0,0,75,62,26,5,7,0,0,0,0,94,17,2,10,0,2,1,5,0,139,32,57,24,0,0,0,0,0,0,0,0,0,0,0,0,0,0,0,0,0,0,0,0,1,0,0,0,0,0,0,0,0,0,0,0,0,0,0,0,0,0,0,0,0,0,0,0,2,0,0,0,0,0,0,19,24,18,0,1,0,0,0,0,0,1,0,0,0,0,0,0,0,1,2,18,0,7,0,3,0,0,0,0,0,0,0,1,0,0,0,0,0,1,0,1,0,3,2,1,3,4,7,0,8,0,0,49,0,1,0,0,0,1,0,0,4,0,4,1,0,0,0,3,0,1,0,0,1,2,0,2,0,0,1,18,0,3,0,0,1,0,22,0,38,0,0,0,15,12,0,0,0,0,0,0,1,1,0,0,0,0,0,0,0,0,0,0,0,0,2,0,0,0,0,0,0,239,85,62,0,0,1,0,0
"Saccharofermentans","genus",2,0,0,0,0,0,0,1,1,0,1,5,0,0,0,0,0,0,0,0,2,0,6,59,0,32,0,0,0,0,0,0,0,0,0,0,0,0,0,0,0,0,2,0,2,0,0,0,2,0,0,0,0,0,0,0,0,0,0,0,0,0,0,0,0,2,0,1,0,0,0,0,0,0,0,0,0,0,0,0,1,0,0,0,0,0,0,0,0,0,0,0,0,0,0,0,0,0,0,0,0,0,0,0,0,0,0,0,0,2,0,0,0,0,0,0,0,0,0,0,0,0,0,0,0,0,0,0,1,0,0,0,0,0,0,0,0,0,0,0,0,0,0,0,0,0,0,0,0,0,0,0,0,0,0,0,0,0,0,0,0,0,0,0,0,0,0,0,0,0,0,0,0,0,0,0,0,0,0,0,0,0,0,0,0,0,0,0,0,0,0,0,0,0,0,0,0,0,0,0,0,0,0,0,0,0,0,0,0,0,0,0,0,0,0,0,0,0,0,0,0,0,0,0,0,0,0,0,0,0,0,0,0,0,0,0,0,0,0,0,0,0,0,0,1,0,0,0,0,0,0,0,0,0,0,0,0,0,0,0,0,1,0,0,0,3,0,0,0,0,0,0,0,0,0,0,0,0,0,0,0,0,0,0,0,0,0,0,0,0,0,0,0,0,0,0,0,0,0,0,0,0,0,0,0,0,0,0,0,0,0,0,1,0,0,0,0,0,0,0,3,0,0,0,0,0,0,1,0,0,0,0,1,0,0,0,2,1,0,0,0,1,0,0,0,0,43,2,10,0,4,0,0,0,0,0,0,0,0,0,0,0,0,0,0,0,1,0,55,38,1,3,44,81,2,90,0,0,19,0,0,0,0,0,0,0,0,0,0,2,3,0,0,0,0,1,0,2,0,1,0,0,3,0,2,0,0,0,9,0,0,0,0,1,0,23,0,0,0,3,1,0,0,0,0,0,0,0,3,0,0,0,0,0,0,0,0,0,0,0,0,0,0,0,0,0,0,0,11,0,1,0,0,0,0,0
"Segniliparus","genus",0,1,0,2,0,1,0,0,8,0,2,13,0,0,0,11,0,20,0,3,21,54,0,44,0,26,0,0,0,0,0,0,0,0,0,3,0,1,0,0,0,0,27,2,2,46,0,0,7,1,1,3,2,2,0,0,0,0,0,0,0,0,0,11,0,12,0,2,0,0,3,1,1,4,3,1,4,0,2,12,2,39,0,13,1,38,0,0,5,1,5,0,0,0,0,0,0,0,0,0,0,1,0,6,1,0,0,3,3,0,0,0,0,0,0,0,0,5,0,0,0,1,0,0,0,2,0,0,1,0,0,0,0,0,6,0,0,1,0,0,0,3,0,0,0,0,0,0,0,1,0,0,0,0,0,2,0,0,0,0,0,0,0,0,0,2,0,0,0,5,0,0,0,0,0,0,0,3,0,6,0,1,0,1,12,1,0,2,2,0,2,0,0,0,0,0,0,0,1,0,0,0,8,0,0,0,0,2,0,0,1,0,2,3,1,0,0,1,15,0,0,0,0,0,0,1,1,0,0,0,0,0,0,0,0,12,0,0,0,0,1,0,0,0,0,1,3,2,0,4,3,0,1,0,13,3,2,1,0,1,0,1,1,2,1,0,0,0,0,0,6,0,0,0,1,0,0,0,0,0,0,0,0,0,0,0,0,0,2,0,0,0,0,0,0,0,2,0,6,0,4,0,0,0,0,0,3,0,0,0,0,0,0,0,0,0,0,0,106,7,3,31,2,13,0,5,1,2,1,0,0,1,0,0,0,0,4,0,0,0,4,0,0,0,0,0,2,0,2,3,0,0,0,0,0,0,0,0,2,0,1,0,0,0,1,6,8,1,3,7,11,40,19,90,2,83,2,0,23,0,1,0,0,0,4,0,0,12,0,7,31,2,0,9,0,0,1,0,0,0,0,1,4,0,0,0,0,0,24,0,0,0,0,2,0,0,0,1,0,0,0,1,0,0,0,0,0,0,0,0,0,0,0,0,0,0,0,0,0,0,0,0,1,0,0,0,1,0,0,0,0,0,0,0,0,0
"Sneathia","genus",0,0,0,0,0,0,0,0,0,0,0,0,0,0,0,0,0,0,0,0,0,0,0,0,0,0,0,0,0,0,0,0,0,0,0,0,0,0,0,0,0,0,0,0,0,0,0,0,0,0,0,0,0,0,0,0,0,0,0,0,0,0,0,0,0,0,0,0,0,0,0,0,0,0,0,2,5,0,0,0,0,0,0,0,0,0,0,0,0,1,0,0,0,0,0,0,0,0,0,0,0,0,0,0,0,0,0,0,0,0,0,0,0,0,0,0,0,0,0,0,0,0,0,0,0,0,0,0,0,0,0,0,0,0,0,0,0,0,0,0,0,0,0,0,0,0,0,0,0,0,0,0,0,0,0,0,0,0,0,0,0,0,0,0,0,0,0,0,0,0,0,0,0,0,0,0,0,0,0,0,0,0,0,0,0,0,0,8,5,0,0,0,0,0,0,0,0,0,0,0,0,0,0,0,0,0,0,0,0,2,0,0,0,0,0,0,0,0,0,0,0,0,0,0,0,0,0,0,0,0,0,0,0,0,0,0,0,0,0,0,0,0,0,0,0,0,0,0,0,0,0,0,0,686,277,18,0,0,0,0,0,0,59,8,0,0,0,0,0,0,8,1035,67,128,69,0,0,0,0,0,0,0,0,0,0,9,1,0,0,0,0,0,0,0,0,0,0,0,0,0,0,0,0,0,0,0,0,0,0,0,0,0,0,0,0,0,0,0,0,0,0,0,0,0,0,0,0,0,0,0,0,0,0,0,0,0,0,0,0,0,0,0,0,0,0,0,0,0,0,0,0,0,0,0,0,0,0,0,0,0,0,0,0,0,0,0,0,0,0,0,0,0,0,0,0,0,0,0,0,0,0,0,0,0,0,0,0,0,0,0,0,0,0,0,0,0,0,0,0,0,0,0,0,0,0,0,0,0,0,0,0,0,0,23,0,47,0,0,0,6,7,0,0,0,0,0,0,29,454,0,0,0,0,0,0,58,0,0,0,0,0,3,0,0,0,0,0,0,497,97,372,0,0,0,0,0
"Staphylococcus","genus",1,0,0,0,1,0,0,0,0,0,0,13,0,2,0,0,0,0,0,0,0,0,17,9,0,4,0,0,0,0,0,0,0,0,0,0,0,11,0,2,0,0,0,0,0,121,24,0,13,2,0,0,0,4,0,0,0,0,0,0,0,0,0,0,0,5,2,0,0,1,3,17,1,1,17,21,5,21,7,6,0,56,4,18,0,24,0,0,2,0,7,1,0,2,0,0,0,0,0,2,0,0,0,0,0,0,0,0,0,2,0,2,20,43,0,4,0,6,0,0,0,0,0,0,0,0,0,1,0,0,0,0,0,0,0,0,0,0,0,4,4,47,0,0,1,0,0,0,0,1,0,0,0,9,1,0,0,0,0,0,0,0,0,2,0,0,0,0,0,3,0,0,0,1,1,6,1,71,0,18,0,9,0,91,0,0,0,0,0,0,0,0,3,0,1,0,0,0,0,0,1,0,0,0,0,2,0,1,0,0,0,1,0,12,0,73,0,7,284,2,0,41,0,4,2,3,0,0,0,0,0,0,0,2,2,7,1,0,0,0,11,0,0,1,0,0,0,6,0,0,0,0,60,0,31,0,20,11,2,0,0,0,0,1,1,1,0,1,1,0,0,0,0,1,9,0,0,1,0,0,2,0,0,0,0,2,3,0,1,0,0,0,1,0,4,1,1,4,85,6,49,7,61,4,8,0,0,0,1,0,0,0,0,0,1,0,1,0,0,0,0,0,0,0,0,0,3,0,2,2,69,0,95,0,20,0,0,0,0,0,0,4,0,0,0,0,1,0,0,0,3,1,0,0,0,0,1,1,11,0,0,0,0,0,1,4,0,0,0,0,1,1,0,4,0,0,0,0,0,1,6,0,16,0,3,0,16,3,0,0,9,2,1,1,2,1,0,0,0,0,0,0,4,0,2,3,2,0,22,0,25,0,5,0,0,0,9,50,1,0,0,0,0,1,2,0,2,0,0,0,0,0,0,0,0,2,1,0,0,0,1,0,4,0,1,0,1,0,0,0,0,0,3,0,8,0
"Streptococcus_agalactiae","species",0,0,0,0,0,0,0,0,0,0,0,0,0,0,0,0,0,0,0,0,0,0,0,0,0,0,0,0,0,0,0,0,0,0,0,0,0,0,0,0,0,0,0,0,0,0,1,0,3,0,0,0,0,0,2,0,0,0,0,0,0,0,0,0,0,0,0,0,0,0,0,0,2670,227,1896,1585,1006,1698,3422,0,0,0,0,0,0,0,0,0,29,3,171,18,0,0,0,0,0,0,0,1,0,0,0,0,0,0,0,0,0,0,0,0,0,0,0,0,0,0,0,0,0,0,0,0,0,0,0,0,0,0,0,0,0,0,0,0,0,0,0,0,0,1,0,0,0,0,0,0,0,0,0,0,0,0,0,0,0,0,0,0,0,0,0,0,0,0,0,0,0,0,0,0,0,0,0,0,0,0,0,0,0,0,0,0,0,130,101,1,13,0,0,0,3,2,2,0,2,0,3,1,1,0,0,0,0,0,0,0,167,222,0,59,0,39,0,52,0,0,2,0,0,0,0,0,0,0,0,0,0,0,0,0,0,0,0,0,0,0,0,0,0,0,0,0,0,0,0,0,0,0,0,0,0,0,0,0,0,13,0,0,0,0,0,0,0,0,0,0,0,0,0,0,0,0,0,0,0,0,0,0,0,0,0,0,0,0,0,322,387,530,443,34,540,1031,140,119,86,0,0,0,0,1,0,0,12,0,1,0,0,0,0,0,0,0,0,0,0,0,0,1,0,0,0,0,0,0,0,1,0,0,0,0,0,0,0,0,0,0,0,0,0,0,0,0,0,0,0,0,0,0,0,1,0,0,0,0,0,0,0,0,0,0,0,0,0,0,0,0,0,0,0,0,0,0,0,0,0,0,0,0,0,0,0,0,0,0,0,21,0,0,0,0,0,0,0,0,0,0,0,0,0,0,0,0,0,0,0,0,0,0,5,0,0,0,0,0,0,0,0,0,0,0,0,0,0,0,0,0,0,0,1,0,0,0,0,0,0,0,0,0,0,0,0,0,11,0,0,0,0,0,0,0,0,0,0,0
"Streptococcus_anginosis","species",0,0,0,0,0,0,0,0,0,0,0,0,0,0,0,0,0,0,0,0,0,0,0,0,0,0,0,0,0,0,0,0,0,0,0,0,0,0,0,0,0,0,0,0,0,13,0,4,244,8,1,1209,1331,1,1,0,0,0,0,0,0,0,0,29,0,0,2,4,1,0,64,26,0,0,0,0,0,0,0,5072,0,23,0,0,0,40,0,1,0,0,9,1,0,0,0,0,0,0,0,0,0,0,0,0,0,1,0,0,0,0,0,0,0,0,0,0,0,0,0,0,0,0,0,0,0,0,0,0,0,0,0,0,0,0,0,0,0,0,0,0,1,13,0,0,0,0,0,0,0,0,0,0,0,0,0,0,0,0,0,0,0,0,0,3,2,0,0,1,0,0,0,0,0,0,0,0,0,0,0,0,0,0,0,71,44,0,0,1251,2221,1,14,0,0,0,0,0,0,0,0,0,0,0,0,0,0,1,0,0,0,0,0,0,0,0,0,0,0,1,5,0,0,5,0,0,0,0,0,0,0,0,0,0,0,0,0,10,0,0,0,0,0,0,0,0,0,0,0,0,0,0,0,0,0,0,0,0,40,118,0,0,0,0,0,0,0,0,0,1,0,0,14,0,0,3,9,0,5,0,0,0,12,0,0,0,0,0,0,936,1082,115,119,466,315,37,72,19,304,3,703,1,1,0,0,200,439,0,38,1,3,4,0,0,3,0,0,0,0,0,1,0,0,0,0,0,0,0,0,0,0,0,0,0,0,0,0,0,0,0,0,1,0,0,0,0,0,0,0,0,0,0,0,0,0,0,0,0,0,0,0,0,0,0,0,0,1,0,0,0,0,0,0,18,0,290,0,1,11,48,23,0,0,0,0,0,0,0,0,0,0,0,0,22,272,31,0,0,0,0,0,0,0,0,0,0,0,143,703,0,632,1,0,0,1,0,6,0,0,0,0,0,0,4,0,0,0,0,0,0,0,0,0,0,0,0,0,4,0,0,0,0,7,0,7,0,0,0,1,1,1,2,1,0,0,0,0,0
"Streptococcus_Other","genus",1,0,0,0,0,0,0,0,0,0,0,3,0,0,0,1,1,0,1,0,0,0,0,1,0,1,0,0,0,0,0,0,1,0,0,0,0,0,0,0,1,0,0,0,5,8,1,3,11,2,0,5,30,1,4,0,3,0,0,0,0,1,0,5,0,0,0,5,0,0,2,5,2,16,6,5,3,0,4,26,0,3,1,2,2,26,0,1,0,1,0,0,0,0,0,0,0,1,0,0,0,2,0,0,0,0,0,3,0,1,0,0,0,0,0,0,0,0,0,0,1,0,0,0,0,0,0,0,0,0,0,0,0,0,0,0,0,0,0,0,1,2,0,0,0,0,0,0,0,0,0,0,1,0,0,0,0,0,2,0,0,1,0,0,0,0,0,0,0,0,0,0,0,0,1,1,0,0,0,0,0,1,0,18,6,2,0,26,31,0,0,0,0,0,2,0,0,0,0,0,1,0,0,0,0,1,0,0,1,0,0,1,0,3,0,1,0,0,7,0,0,0,0,0,4,13,0,0,0,0,0,0,0,0,0,0,0,0,0,1,1,0,0,0,2,0,0,0,0,0,0,0,0,1,1,1,1,10,0,0,0,0,0,0,1,0,2,0,0,2,1,0,0,0,0,0,0,1,0,2,7,2,0,0,0,4,14,8,11,1,0,7,5,1,5,4,26,2,112,0,1,0,2,0,5,0,1,0,0,0,0,0,5,0,0,0,0,0,0,0,0,0,0,0,0,0,1,0,14,0,0,0,0,0,0,0,0,0,0,0,1,0,0,0,0,0,0,0,0,0,0,0,0,1,0,0,0,0,1,0,0,0,9,0,0,0,0,0,0,0,1,3,3,14,0,10,1,6,2,0,0,0,0,0,0,0,0,2,0,3,12,12,22,12,0,1,0,0,0,2,0,2,25,0,4,13,37,0,39,0,0,0,2,0,1,0,3,1,0,0,0,0,0,0,0,0,0,0,0,0,5,0,0,0,0,0,0,0,0,0,0,0,1,0,2,0,1,1,0,0,0,0,0,0,0,0
"TM7_genera_incertae_sedis","genus",2,1,1,1,4,0,0,1,0,0,0,0,0,0,0,0,0,0,0,0,0,0,1,17,0,3,0,0,0,0,0,0,0,0,0,0,0,0,0,0,0,0,0,0,0,0,0,0,2,2,1,0,0,0,0,0,0,0,0,0,0,1,0,0,0,1,0,0,0,0,0,0,0,0,0,0,0,2,0,0,0,0,0,0,0,0,0,3,0,0,0,0,0,0,0,0,0,0,0,0,0,0,0,0,0,0,0,0,0,0,0,0,0,0,0,0,0,0,0,1,0,0,0,0,0,0,0,0,0,0,0,0,0,0,0,0,0,0,0,0,0,0,0,0,0,0,0,0,0,0,0,0,0,0,0,0,0,0,0,0,0,0,0,0,0,1,0,1,0,0,0,0,0,0,0,0,0,0,0,0,0,0,0,0,0,0,0,0,0,0,0,0,0,0,0,0,0,0,0,0,0,0,0,0,0,0,0,0,0,2,0,0,0,0,0,0,0,0,0,0,0,0,0,0,0,0,0,0,0,0,0,0,0,0,0,0,0,0,0,0,0,0,0,0,0,0,0,1,0,1,0,0,0,0,1,0,2,2,1,0,0,3,1,5,2,4,0,0,0,0,3,0,23,0,0,0,0,0,0,0,0,0,0,0,0,0,0,0,0,0,0,0,0,0,0,0,0,0,0,0,0,0,0,0,0,0,0,0,0,0,0,0,0,0,0,0,0,0,0,0,0,0,0,0,0,0,0,1,0,0,0,0,0,0,0,0,0,0,0,0,0,0,0,0,0,0,0,0,0,0,0,0,0,0,0,0,0,0,0,0,0,0,0,0,0,0,0,0,1,1,0,0,0,2,0,1,0,0,2,0,0,0,0,0,0,0,0,0,0,0,7,0,0,1,0,0,0,1,2,14,0,9,9,0,0,0,0,0,0,0,0,0,0,0,0,0,0,0,0,35,75,0,0,0,0,0,0,14,212,0,2,0,0,0,0,0,0,0,0,0,102,0,0,0,0,0,0,0,398,163,193,0,0,0,0,0
"Ureaplasma","genus",0,0,0,0,0,0,0,0,0,0,0,0,0,0,0,0,0,0,0,0,0,0,0,0,0,0,70,15,54,18,111,24,82,82,22,0,4,8,2,1,259,2,15,10,0,8,2,0,0,0,0,0,0,0,0,0,0,0,0,0,0,0,0,0,0,0,0,0,0,0,0,0,0,0,0,0,0,0,0,0,0,0,0,0,0,0,0,0,0,0,0,0,0,0,0,0,0,0,0,0,0,0,0,0,0,0,0,0,0,0,0,0,0,0,0,1,1,0,0,0,0,0,0,0,0,0,0,0,0,0,0,0,0,0,0,0,0,11,0,4,0,0,0,0,0,0,0,0,0,0,0,0,0,0,0,0,0,0,0,0,4,6,7,17,10,12,15,12,2,2,1,0,3,7,0,5,2,0,0,0,4,0,0,0,0,0,0,0,0,0,0,0,0,0,0,0,0,0,0,0,0,0,0,0,3,3,0,0,53,62,16,57,34,1,5,13,35,6,0,0,0,4,0,0,0,0,0,0,0,0,0,0,0,0,0,0,0,0,0,0,0,0,0,0,0,0,0,7,1,0,1,0,0,1,1,0,4,23,11,1,12,2,0,0,0,0,0,0,0,0,0,0,10,4,2,13,2,1,0,39,1,29,6,2,4,14,12,0,0,0,0,0,0,0,0,0,0,0,0,0,0,0,11,0,0,0,0,0,0,0,0,0,0,0,0,0,0,0,0,0,0,0,0,0,0,0,0,0,0,0,0,0,0,0,0,0,0,0,0,0,0,0,0,0,0,0,0,0,0,0,0,0,0,0,0,0,0,0,0,0,0,0,0,0,0,0,0,0,0,0,0,0,0,0,0,0,0,0,0,0,0,0,0,0,0,0,0,0,0,0,0,0,0,0,0,0,0,0,0,0,0,0,0,0,0,0,0,0,0,0,50,0,14,2,1,9,0,0,0,0,0,0,5,0,0,0,8,0,0,0,1,0,3,0,0,14,0,0,6,2,1,0,0,0,0,0,0,0,0,0,0,0,0,0,0,0
"Varibaculum","genus",13,5,0,1,0,0,0,0,1,0,0,2,0,0,0,1,0,0,0,0,3,0,0,0,0,0,0,0,0,0,0,0,0,1,0,0,0,0,0,0,0,0,7,0,0,0,0,0,1,1,1,0,0,0,0,0,0,0,0,0,0,3,0,7,0,2,0,1,0,0,0,2,0,0,0,0,0,0,0,6,13,9,0,7,1,37,2,13,6,5,1,0,0,0,0,0,0,4,0,1,0,5,0,0,0,0,0,0,0,0,0,0,0,3,0,0,0,1,2,2,0,2,0,1,0,0,0,0,1,0,0,0,0,0,0,0,0,3,0,0,0,0,0,0,0,0,0,0,0,0,0,0,0,0,0,0,0,0,0,0,0,0,0,0,0,0,0,0,0,0,0,0,0,0,0,0,0,0,0,0,0,0,0,1,7,75,112,3,11,0,0,0,1,0,0,0,0,0,0,0,0,0,0,0,0,0,0,0,0,0,0,0,0,3,0,0,0,0,5,0,0,0,0,0,0,0,0,0,0,0,0,0,0,0,0,4,0,0,0,0,0,0,0,0,0,0,0,0,0,1,3,0,11,0,0,6,5,4,0,3,2,15,1,0,0,2,4,1,0,3,0,0,0,0,1,1,5,0,0,0,1,0,0,0,0,0,0,0,0,0,2,0,4,9,25,0,2,0,0,0,0,0,0,0,1,0,0,0,0,0,0,0,0,0,0,0,1,0,5,1,1,4,0,0,0,2,1,5,0,0,1,0,0,0,1,0,5,0,0,0,0,0,0,0,0,0,0,0,0,0,0,0,0,0,0,0,0,0,0,0,0,0,0,0,0,0,0,9,2,0,3,10,2,1,1,22,1,0,1,0,0,0,1,0,1,0,0,0,0,10,8,1,0,8,7,1,11,5,1,21,3,32,10,0,0,0,4,0,2,0,0,0,0,2,0,0,0,0,0,0,0,0,0,0,0,1,0,0,0,0,0,0,0,0,0,0,0,0,0,0,0,0,0,0,0,0,0,0,0,0,0,0,0,0,0,0
"Veillonella","genus",0,0,0,0,0,0,0,0,0,0,0,0,0,0,0,0,0,17,0,0,0,0,0,0,0,0,0,0,0,0,0,0,0,0,0,0,0,0,0,0,0,0,0,0,1,0,1,0,0,0,0,0,0,0,0,0,0,0,0,0,0,0,0,0,0,0,0,0,0,1,0,0,0,0,0,0,1,0,0,0,0,2,0,0,0,0,0,0,0,1,0,0,0,0,0,0,0,0,0,0,0,0,0,0,0,0,0,0,0,0,0,0,0,0,0,0,0,0,0,0,0,0,0,0,0,0,0,0,0,0,0,0,0,0,0,0,0,0,0,0,0,0,0,0,0,0,0,0,0,0,0,0,0,0,0,0,0,0,0,0,0,0,0,1,0,1,0,0,0,0,0,0,0,0,0,2,0,2,0,0,0,0,0,3,0,2,0,0,2,0,0,0,0,0,0,0,0,0,0,0,0,0,0,0,0,0,0,0,0,0,0,0,0,2,0,0,0,0,0,0,0,0,0,0,0,2,0,0,0,0,0,0,0,0,0,0,0,0,0,0,0,0,0,1,0,2,3,0,0,0,0,0,0,0,0,0,0,1,0,0,0,0,0,0,0,0,10,31,4,15,4,1,0,135,55,0,0,0,0,0,0,0,0,0,1,102,215,0,0,0,0,0,0,0,0,0,0,0,0,0,0,0,0,0,0,0,2,0,0,0,0,0,0,0,0,0,0,0,0,0,6,3,0,0,0,0,0,0,0,0,0,0,0,0,0,0,0,0,0,0,0,0,0,0,2,0,0,0,0,0,0,0,0,0,0,0,0,0,0,0,0,0,0,0,0,0,0,0,0,0,0,0,0,0,0,0,0,0,0,0,0,0,0,0,0,0,0,0,0,0,0,0,0,0,0,0,0,0,0,0,0,0,0,1,0,0,0,0,0,0,0,0,0,0,0,0,0,0,0,0,0,0,0,0,0,0,0,0,0,0,0,0,0,0,0,20,0,0,0,0,0,0,0,0,0,0,0,0,0,0,0,0,0,0,0,0
"Veillonellaceae","family",0,0,0,0,0,0,0,0,6,0,9,0,0,0,0,20,0,14,0,14,0,14,1,25,0,8,0,0,0,0,0,0,0,0,0,0,0,0,0,0,0,0,2,1,0,35,0,0,0,0,3,0,0,0,0,0,0,0,0,0,0,1,0,5,0,5,0,0,0,0,0,0,0,0,0,0,0,1,0,0,1,0,0,1,0,0,0,0,0,5,2,1,0,0,0,0,0,0,0,0,0,0,0,3,0,0,0,0,0,0,0,0,0,0,0,0,0,0,0,0,0,0,0,0,0,0,0,0,0,0,0,1,0,0,0,0,0,3,0,0,0,0,0,0,0,0,0,0,0,0,0,0,0,0,0,0,0,0,0,0,0,0,0,0,0,0,0,0,0,0,0,0,0,0,0,0,0,0,0,0,0,0,0,2,9,1,2,1,0,0,0,0,0,0,0,0,0,0,0,0,0,0,0,0,0,2,0,3,0,0,0,0,0,0,0,0,0,0,1,0,0,0,0,0,0,0,0,0,0,0,0,0,0,0,0,0,0,0,0,0,0,0,0,0,0,0,0,0,0,0,0,3,5,38,21,38,0,0,0,0,0,1,3,2,3,1,0,2,0,6,2,50,47,1,0,0,3,0,0,0,7,0,0,0,0,0,3,0,0,0,0,0,0,1,0,0,0,0,3,0,0,0,0,0,0,0,6,0,0,0,0,0,0,0,0,0,0,0,13,1,0,0,0,2,0,0,0,0,0,0,1,0,0,0,0,0,0,0,0,0,0,1,0,0,0,0,10,0,3,1,0,0,0,0,0,0,1,0,0,0,0,0,0,0,0,0,0,2,0,0,2,8,4,4,0,3,0,2,10,0,0,0,2,0,7,0,0,0,0,1,0,1,1,2,0,0,5,0,0,3,6,12,6,0,3,0,0,0,2,0,0,0,0,15,2,82,0,0,0,5,32,1,0,0,0,0,0,22,32,0,0,0,0,0,0,2,0,0,0,0,32,42,0,0,0,0,0,0,46,42,37,0,0,0,0,0
